,test_id,PM2.5,PM10,O3
0,dongsi_aq#0,0,0,0.0
1,dongsi_aq#1,0,0,0.0
2,dongsi_aq#2,0,0,0.0
3,dongsi_aq#3,0,0,0.0
4,dongsi_aq#4,0,0,0.0
5,dongsi_aq#5,0,0,0.0
6,dongsi_aq#6,0,0,0.0
7,dongsi_aq#7,0,0,0.0
8,dongsi_aq#8,0,0,0.0
9,dongsi_aq#9,0,0,0.0
10,dongsi_aq#10,0,0,0.0
11,dongsi_aq#11,0,0,0.0
12,dongsi_aq#12,0,0,0.0
13,dongsi_aq#13,0,0,0.0
14,dongsi_aq#14,0,0,0.0
15,dongsi_aq#15,0,0,0.0
16,dongsi_aq#16,0,0,0.0
17,dongsi_aq#17,0,0,0.0
18,dongsi_aq#18,0,0,0.0
19,dongsi_aq#19,0,0,0.0
20,dongsi_aq#20,0,0,0.0
21,dongsi_aq#21,0,0,0.0
22,dongsi_aq#22,0,0,0.0
23,dongsi_aq#23,0,0,0.0
24,dongsi_aq#24,0,0,0.0
25,dongsi_aq#25,0,0,0.0
26,dongsi_aq#26,0,0,0.0
27,dongsi_aq#27,0,0,0.0
28,dongsi_aq#28,0,0,0.0
29,dongsi_aq#29,0,0,0.0
30,dongsi_aq#30,0,0,0.0
31,dongsi_aq#31,0,0,0.0
32,dongsi_aq#32,0,0,0.0
33,dongsi_aq#33,0,0,0.0
34,dongsi_aq#34,0,0,0.0
35,dongsi_aq#35,0,0,0.0
36,dongsi_aq#36,0,0,0.0
37,dongsi_aq#37,0,0,0.0
38,dongsi_aq#38,0,0,0.0
39,dongsi_aq#39,0,0,0.0
40,dongsi_aq#40,0,0,0.0
41,dongsi_aq#41,0,0,0.0
42,dongsi_aq#42,0,0,0.0
43,dongsi_aq#43,0,0,0.0
44,dongsi_aq#44,0,0,0.0
45,dongsi_aq#45,0,0,0.0
46,dongsi_aq#46,0,0,0.0
47,dongsi_aq#47,0,0,0.0
48,tiantan_aq#0,0,0,0.0
49,tiantan_aq#1,0,0,0.0
50,tiantan_aq#2,0,0,0.0
51,tiantan_aq#3,0,0,0.0
52,tiantan_aq#4,0,0,0.0
53,tiantan_aq#5,0,0,0.0
54,tiantan_aq#6,0,0,0.0
55,tiantan_aq#7,0,0,0.0
56,tiantan_aq#8,0,0,0.0
57,tiantan_aq#9,0,0,0.0
58,tiantan_aq#10,0,0,0.0
59,tiantan_aq#11,0,0,0.0
60,tiantan_aq#12,0,0,0.0
61,tiantan_aq#13,0,0,0.0
62,tiantan_aq#14,0,0,0.0
63,tiantan_aq#15,0,0,0.0
64,tiantan_aq#16,0,0,0.0
65,tiantan_aq#17,0,0,0.0
66,tiantan_aq#18,0,0,0.0
67,tiantan_aq#19,0,0,0.0
68,tiantan_aq#20,0,0,0.0
69,tiantan_aq#21,0,0,0.0
70,tiantan_aq#22,0,0,0.0
71,tiantan_aq#23,0,0,0.0
72,tiantan_aq#24,0,0,0.0
73,tiantan_aq#25,0,0,0.0
74,tiantan_aq#26,0,0,0.0
75,tiantan_aq#27,0,0,0.0
76,tiantan_aq#28,0,0,0.0
77,tiantan_aq#29,0,0,0.0
78,tiantan_aq#30,0,0,0.0
79,tiantan_aq#31,0,0,0.0
80,tiantan_aq#32,0,0,0.0
81,tiantan_aq#33,0,0,0.0
82,tiantan_aq#34,0,0,0.0
83,tiantan_aq#35,0,0,0.0
84,tiantan_aq#36,0,0,0.0
85,tiantan_aq#37,0,0,0.0
86,tiantan_aq#38,0,0,0.0
87,tiantan_aq#39,0,0,0.0
88,tiantan_aq#40,0,0,0.0
89,tiantan_aq#41,0,0,0.0
90,tiantan_aq#42,0,0,0.0
91,tiantan_aq#43,0,0,0.0
92,tiantan_aq#44,0,0,0.0
93,tiantan_aq#45,0,0,0.0
94,tiantan_aq#46,0,0,0.0
95,tiantan_aq#47,0,0,0.0
96,guanyuan_aq#0,0,0,0.0
97,guanyuan_aq#1,0,0,0.0
98,guanyuan_aq#2,0,0,0.0
99,guanyuan_aq#3,0,0,0.0
100,guanyuan_aq#4,0,0,0.0
101,guanyuan_aq#5,0,0,0.0
102,guanyuan_aq#6,0,0,0.0
103,guanyuan_aq#7,0,0,0.0
104,guanyuan_aq#8,0,0,0.0
105,guanyuan_aq#9,0,0,0.0
106,guanyuan_aq#10,0,0,0.0
107,guanyuan_aq#11,0,0,0.0
108,guanyuan_aq#12,0,0,0.0
109,guanyuan_aq#13,0,0,0.0
110,guanyuan_aq#14,0,0,0.0
111,guanyuan_aq#15,0,0,0.0
112,guanyuan_aq#16,0,0,0.0
113,guanyuan_aq#17,0,0,0.0
114,guanyuan_aq#18,0,0,0.0
115,guanyuan_aq#19,0,0,0.0
116,guanyuan_aq#20,0,0,0.0
117,guanyuan_aq#21,0,0,0.0
118,guanyuan_aq#22,0,0,0.0
119,guanyuan_aq#23,0,0,0.0
120,guanyuan_aq#24,0,0,0.0
121,guanyuan_aq#25,0,0,0.0
122,guanyuan_aq#26,0,0,0.0
123,guanyuan_aq#27,0,0,0.0
124,guanyuan_aq#28,0,0,0.0
125,guanyuan_aq#29,0,0,0.0
126,guanyuan_aq#30,0,0,0.0
127,guanyuan_aq#31,0,0,0.0
128,guanyuan_aq#32,0,0,0.0
129,guanyuan_aq#33,0,0,0.0
130,guanyuan_aq#34,0,0,0.0
131,guanyuan_aq#35,0,0,0.0
132,guanyuan_aq#36,0,0,0.0
133,guanyuan_aq#37,0,0,0.0
134,guanyuan_aq#38,0,0,0.0
135,guanyuan_aq#39,0,0,0.0
136,guanyuan_aq#40,0,0,0.0
137,guanyuan_aq#41,0,0,0.0
138,guanyuan_aq#42,0,0,0.0
139,guanyuan_aq#43,0,0,0.0
140,guanyuan_aq#44,0,0,0.0
141,guanyuan_aq#45,0,0,0.0
142,guanyuan_aq#46,0,0,0.0
143,guanyuan_aq#47,0,0,0.0
144,wanshouxigong_aq#0,0,0,0.0
145,wanshouxigong_aq#1,0,0,0.0
146,wanshouxigong_aq#2,0,0,0.0
147,wanshouxigong_aq#3,0,0,0.0
148,wanshouxigong_aq#4,0,0,0.0
149,wanshouxigong_aq#5,0,0,0.0
150,wanshouxigong_aq#6,0,0,0.0
151,wanshouxigong_aq#7,0,0,0.0
152,wanshouxigong_aq#8,0,0,0.0
153,wanshouxigong_aq#9,0,0,0.0
154,wanshouxigong_aq#10,0,0,0.0
155,wanshouxigong_aq#11,0,0,0.0
156,wanshouxigong_aq#12,0,0,0.0
157,wanshouxigong_aq#13,0,0,0.0
158,wanshouxigong_aq#14,0,0,0.0
159,wanshouxigong_aq#15,0,0,0.0
160,wanshouxigong_aq#16,0,0,0.0
161,wanshouxigong_aq#17,0,0,0.0
162,wanshouxigong_aq#18,0,0,0.0
163,wanshouxigong_aq#19,0,0,0.0
164,wanshouxigong_aq#20,0,0,0.0
165,wanshouxigong_aq#21,0,0,0.0
166,wanshouxigong_aq#22,0,0,0.0
167,wanshouxigong_aq#23,0,0,0.0
168,wanshouxigong_aq#24,0,0,0.0
169,wanshouxigong_aq#25,0,0,0.0
170,wanshouxigong_aq#26,0,0,0.0
171,wanshouxigong_aq#27,0,0,0.0
172,wanshouxigong_aq#28,0,0,0.0
173,wanshouxigong_aq#29,0,0,0.0
174,wanshouxigong_aq#30,0,0,0.0
175,wanshouxigong_aq#31,0,0,0.0
176,wanshouxigong_aq#32,0,0,0.0
177,wanshouxigong_aq#33,0,0,0.0
178,wanshouxigong_aq#34,0,0,0.0
179,wanshouxigong_aq#35,0,0,0.0
180,wanshouxigong_aq#36,0,0,0.0
181,wanshouxigong_aq#37,0,0,0.0
182,wanshouxigong_aq#38,0,0,0.0
183,wanshouxigong_aq#39,0,0,0.0
184,wanshouxigong_aq#40,0,0,0.0
185,wanshouxigong_aq#41,0,0,0.0
186,wanshouxigong_aq#42,0,0,0.0
187,wanshouxigong_aq#43,0,0,0.0
188,wanshouxigong_aq#44,0,0,0.0
189,wanshouxigong_aq#45,0,0,0.0
190,wanshouxigong_aq#46,0,0,0.0
191,wanshouxigong_aq#47,0,0,0.0
192,aotizhongxin_aq#0,0,0,0.0
193,aotizhongxin_aq#1,0,0,0.0
194,aotizhongxin_aq#2,0,0,0.0
195,aotizhongxin_aq#3,0,0,0.0
196,aotizhongxin_aq#4,0,0,0.0
197,aotizhongxin_aq#5,0,0,0.0
198,aotizhongxin_aq#6,0,0,0.0
199,aotizhongxin_aq#7,0,0,0.0
200,aotizhongxin_aq#8,0,0,0.0
201,aotizhongxin_aq#9,0,0,0.0
202,aotizhongxin_aq#10,0,0,0.0
203,aotizhongxin_aq#11,0,0,0.0
204,aotizhongxin_aq#12,0,0,0.0
205,aotizhongxin_aq#13,0,0,0.0
206,aotizhongxin_aq#14,0,0,0.0
207,aotizhongxin_aq#15,0,0,0.0
208,aotizhongxin_aq#16,0,0,0.0
209,aotizhongxin_aq#17,0,0,0.0
210,aotizhongxin_aq#18,0,0,0.0
211,aotizhongxin_aq#19,0,0,0.0
212,aotizhongxin_aq#20,0,0,0.0
213,aotizhongxin_aq#21,0,0,0.0
214,aotizhongxin_aq#22,0,0,0.0
215,aotizhongxin_aq#23,0,0,0.0
216,aotizhongxin_aq#24,0,0,0.0
217,aotizhongxin_aq#25,0,0,0.0
218,aotizhongxin_aq#26,0,0,0.0
219,aotizhongxin_aq#27,0,0,0.0
220,aotizhongxin_aq#28,0,0,0.0
221,aotizhongxin_aq#29,0,0,0.0
222,aotizhongxin_aq#30,0,0,0.0
223,aotizhongxin_aq#31,0,0,0.0
224,aotizhongxin_aq#32,0,0,0.0
225,aotizhongxin_aq#33,0,0,0.0
226,aotizhongxin_aq#34,0,0,0.0
227,aotizhongxin_aq#35,0,0,0.0
228,aotizhongxin_aq#36,0,0,0.0
229,aotizhongxin_aq#37,0,0,0.0
230,aotizhongxin_aq#38,0,0,0.0
231,aotizhongxin_aq#39,0,0,0.0
232,aotizhongxin_aq#40,0,0,0.0
233,aotizhongxin_aq#41,0,0,0.0
234,aotizhongxin_aq#42,0,0,0.0
235,aotizhongxin_aq#43,0,0,0.0
236,aotizhongxin_aq#44,0,0,0.0
237,aotizhongxin_aq#45,0,0,0.0
238,aotizhongxin_aq#46,0,0,0.0
239,aotizhongxin_aq#47,0,0,0.0
240,nongzhanguan_aq#0,0,0,0.0
241,nongzhanguan_aq#1,0,0,0.0
242,nongzhanguan_aq#2,0,0,0.0
243,nongzhanguan_aq#3,0,0,0.0
244,nongzhanguan_aq#4,0,0,0.0
245,nongzhanguan_aq#5,0,0,0.0
246,nongzhanguan_aq#6,0,0,0.0
247,nongzhanguan_aq#7,0,0,0.0
248,nongzhanguan_aq#8,0,0,0.0
249,nongzhanguan_aq#9,0,0,0.0
250,nongzhanguan_aq#10,0,0,0.0
251,nongzhanguan_aq#11,0,0,0.0
252,nongzhanguan_aq#12,0,0,0.0
253,nongzhanguan_aq#13,0,0,0.0
254,nongzhanguan_aq#14,0,0,0.0
255,nongzhanguan_aq#15,0,0,0.0
256,nongzhanguan_aq#16,0,0,0.0
257,nongzhanguan_aq#17,0,0,0.0
258,nongzhanguan_aq#18,0,0,0.0
259,nongzhanguan_aq#19,0,0,0.0
260,nongzhanguan_aq#20,0,0,0.0
261,nongzhanguan_aq#21,0,0,0.0
262,nongzhanguan_aq#22,0,0,0.0
263,nongzhanguan_aq#23,0,0,0.0
264,nongzhanguan_aq#24,0,0,0.0
265,nongzhanguan_aq#25,0,0,0.0
266,nongzhanguan_aq#26,0,0,0.0
267,nongzhanguan_aq#27,0,0,0.0
268,nongzhanguan_aq#28,0,0,0.0
269,nongzhanguan_aq#29,0,0,0.0
270,nongzhanguan_aq#30,0,0,0.0
271,nongzhanguan_aq#31,0,0,0.0
272,nongzhanguan_aq#32,0,0,0.0
273,nongzhanguan_aq#33,0,0,0.0
274,nongzhanguan_aq#34,0,0,0.0
275,nongzhanguan_aq#35,0,0,0.0
276,nongzhanguan_aq#36,0,0,0.0
277,nongzhanguan_aq#37,0,0,0.0
278,nongzhanguan_aq#38,0,0,0.0
279,nongzhanguan_aq#39,0,0,0.0
280,nongzhanguan_aq#40,0,0,0.0
281,nongzhanguan_aq#41,0,0,0.0
282,nongzhanguan_aq#42,0,0,0.0
283,nongzhanguan_aq#43,0,0,0.0
284,nongzhanguan_aq#44,0,0,0.0
285,nongzhanguan_aq#45,0,0,0.0
286,nongzhanguan_aq#46,0,0,0.0
287,nongzhanguan_aq#47,0,0,0.0
288,wanliu_aq#0,0,0,0.0
289,wanliu_aq#1,0,0,0.0
290,wanliu_aq#2,0,0,0.0
291,wanliu_aq#3,0,0,0.0
292,wanliu_aq#4,0,0,0.0
293,wanliu_aq#5,0,0,0.0
294,wanliu_aq#6,0,0,0.0
295,wanliu_aq#7,0,0,0.0
296,wanliu_aq#8,0,0,0.0
297,wanliu_aq#9,0,0,0.0
298,wanliu_aq#10,0,0,0.0
299,wanliu_aq#11,0,0,0.0
300,wanliu_aq#12,0,0,0.0
301,wanliu_aq#13,0,0,0.0
302,wanliu_aq#14,0,0,0.0
303,wanliu_aq#15,0,0,0.0
304,wanliu_aq#16,0,0,0.0
305,wanliu_aq#17,0,0,0.0
306,wanliu_aq#18,0,0,0.0
307,wanliu_aq#19,0,0,0.0
308,wanliu_aq#20,0,0,0.0
309,wanliu_aq#21,0,0,0.0
310,wanliu_aq#22,0,0,0.0
311,wanliu_aq#23,0,0,0.0
312,wanliu_aq#24,0,0,0.0
313,wanliu_aq#25,0,0,0.0
314,wanliu_aq#26,0,0,0.0
315,wanliu_aq#27,0,0,0.0
316,wanliu_aq#28,0,0,0.0
317,wanliu_aq#29,0,0,0.0
318,wanliu_aq#30,0,0,0.0
319,wanliu_aq#31,0,0,0.0
320,wanliu_aq#32,0,0,0.0
321,wanliu_aq#33,0,0,0.0
322,wanliu_aq#34,0,0,0.0
323,wanliu_aq#35,0,0,0.0
324,wanliu_aq#36,0,0,0.0
325,wanliu_aq#37,0,0,0.0
326,wanliu_aq#38,0,0,0.0
327,wanliu_aq#39,0,0,0.0
328,wanliu_aq#40,0,0,0.0
329,wanliu_aq#41,0,0,0.0
330,wanliu_aq#42,0,0,0.0
331,wanliu_aq#43,0,0,0.0
332,wanliu_aq#44,0,0,0.0
333,wanliu_aq#45,0,0,0.0
334,wanliu_aq#46,0,0,0.0
335,wanliu_aq#47,0,0,0.0
336,beibuxinqu_aq#0,0,0,0.0
337,beibuxinqu_aq#1,0,0,0.0
338,beibuxinqu_aq#2,0,0,0.0
339,beibuxinqu_aq#3,0,0,0.0
340,beibuxinqu_aq#4,0,0,0.0
341,beibuxinqu_aq#5,0,0,0.0
342,beibuxinqu_aq#6,0,0,0.0
343,beibuxinqu_aq#7,0,0,0.0
344,beibuxinqu_aq#8,0,0,0.0
345,beibuxinqu_aq#9,0,0,0.0
346,beibuxinqu_aq#10,0,0,0.0
347,beibuxinqu_aq#11,0,0,0.0
348,beibuxinqu_aq#12,0,0,0.0
349,beibuxinqu_aq#13,0,0,0.0
350,beibuxinqu_aq#14,0,0,0.0
351,beibuxinqu_aq#15,0,0,0.0
352,beibuxinqu_aq#16,0,0,0.0
353,beibuxinqu_aq#17,0,0,0.0
354,beibuxinqu_aq#18,0,0,0.0
355,beibuxinqu_aq#19,0,0,0.0
356,beibuxinqu_aq#20,0,0,0.0
357,beibuxinqu_aq#21,0,0,0.0
358,beibuxinqu_aq#22,0,0,0.0
359,beibuxinqu_aq#23,0,0,0.0
360,beibuxinqu_aq#24,0,0,0.0
361,beibuxinqu_aq#25,0,0,0.0
362,beibuxinqu_aq#26,0,0,0.0
363,beibuxinqu_aq#27,0,0,0.0
364,beibuxinqu_aq#28,0,0,0.0
365,beibuxinqu_aq#29,0,0,0.0
366,beibuxinqu_aq#30,0,0,0.0
367,beibuxinqu_aq#31,0,0,0.0
368,beibuxinqu_aq#32,0,0,0.0
369,beibuxinqu_aq#33,0,0,0.0
370,beibuxinqu_aq#34,0,0,0.0
371,beibuxinqu_aq#35,0,0,0.0
372,beibuxinqu_aq#36,0,0,0.0
373,beibuxinqu_aq#37,0,0,0.0
374,beibuxinqu_aq#38,0,0,0.0
375,beibuxinqu_aq#39,0,0,0.0
376,beibuxinqu_aq#40,0,0,0.0
377,beibuxinqu_aq#41,0,0,0.0
378,beibuxinqu_aq#42,0,0,0.0
379,beibuxinqu_aq#43,0,0,0.0
380,beibuxinqu_aq#44,0,0,0.0
381,beibuxinqu_aq#45,0,0,0.0
382,beibuxinqu_aq#46,0,0,0.0
383,beibuxinqu_aq#47,0,0,0.0
384,zhiwuyuan_aq#0,0,0,0.0
385,zhiwuyuan_aq#1,0,0,0.0
386,zhiwuyuan_aq#2,0,0,0.0
387,zhiwuyuan_aq#3,0,0,0.0
388,zhiwuyuan_aq#4,0,0,0.0
389,zhiwuyuan_aq#5,0,0,0.0
390,zhiwuyuan_aq#6,0,0,0.0
391,zhiwuyuan_aq#7,0,0,0.0
392,zhiwuyuan_aq#8,0,0,0.0
393,zhiwuyuan_aq#9,0,0,0.0
394,zhiwuyuan_aq#10,0,0,0.0
395,zhiwuyuan_aq#11,0,0,0.0
396,zhiwuyuan_aq#12,0,0,0.0
397,zhiwuyuan_aq#13,0,0,0.0
398,zhiwuyuan_aq#14,0,0,0.0
399,zhiwuyuan_aq#15,0,0,0.0
400,zhiwuyuan_aq#16,0,0,0.0
401,zhiwuyuan_aq#17,0,0,0.0
402,zhiwuyuan_aq#18,0,0,0.0
403,zhiwuyuan_aq#19,0,0,0.0
404,zhiwuyuan_aq#20,0,0,0.0
405,zhiwuyuan_aq#21,0,0,0.0
406,zhiwuyuan_aq#22,0,0,0.0
407,zhiwuyuan_aq#23,0,0,0.0
408,zhiwuyuan_aq#24,0,0,0.0
409,zhiwuyuan_aq#25,0,0,0.0
410,zhiwuyuan_aq#26,0,0,0.0
411,zhiwuyuan_aq#27,0,0,0.0
412,zhiwuyuan_aq#28,0,0,0.0
413,zhiwuyuan_aq#29,0,0,0.0
414,zhiwuyuan_aq#30,0,0,0.0
415,zhiwuyuan_aq#31,0,0,0.0
416,zhiwuyuan_aq#32,0,0,0.0
417,zhiwuyuan_aq#33,0,0,0.0
418,zhiwuyuan_aq#34,0,0,0.0
419,zhiwuyuan_aq#35,0,0,0.0
420,zhiwuyuan_aq#36,0,0,0.0
421,zhiwuyuan_aq#37,0,0,0.0
422,zhiwuyuan_aq#38,0,0,0.0
423,zhiwuyuan_aq#39,0,0,0.0
424,zhiwuyuan_aq#40,0,0,0.0
425,zhiwuyuan_aq#41,0,0,0.0
426,zhiwuyuan_aq#42,0,0,0.0
427,zhiwuyuan_aq#43,0,0,0.0
428,zhiwuyuan_aq#44,0,0,0.0
429,zhiwuyuan_aq#45,0,0,0.0
430,zhiwuyuan_aq#46,0,0,0.0
431,zhiwuyuan_aq#47,0,0,0.0
432,fengtaihuayuan_aq#0,0,0,0.0
433,fengtaihuayuan_aq#1,0,0,0.0
434,fengtaihuayuan_aq#2,0,0,0.0
435,fengtaihuayuan_aq#3,0,0,0.0
436,fengtaihuayuan_aq#4,0,0,0.0
437,fengtaihuayuan_aq#5,0,0,0.0
438,fengtaihuayuan_aq#6,0,0,0.0
439,fengtaihuayuan_aq#7,0,0,0.0
440,fengtaihuayuan_aq#8,0,0,0.0
441,fengtaihuayuan_aq#9,0,0,0.0
442,fengtaihuayuan_aq#10,0,0,0.0
443,fengtaihuayuan_aq#11,0,0,0.0
444,fengtaihuayuan_aq#12,0,0,0.0
445,fengtaihuayuan_aq#13,0,0,0.0
446,fengtaihuayuan_aq#14,0,0,0.0
447,fengtaihuayuan_aq#15,0,0,0.0
448,fengtaihuayuan_aq#16,0,0,0.0
449,fengtaihuayuan_aq#17,0,0,0.0
450,fengtaihuayuan_aq#18,0,0,0.0
451,fengtaihuayuan_aq#19,0,0,0.0
452,fengtaihuayuan_aq#20,0,0,0.0
453,fengtaihuayuan_aq#21,0,0,0.0
454,fengtaihuayuan_aq#22,0,0,0.0
455,fengtaihuayuan_aq#23,0,0,0.0
456,fengtaihuayuan_aq#24,0,0,0.0
457,fengtaihuayuan_aq#25,0,0,0.0
458,fengtaihuayuan_aq#26,0,0,0.0
459,fengtaihuayuan_aq#27,0,0,0.0
460,fengtaihuayuan_aq#28,0,0,0.0
461,fengtaihuayuan_aq#29,0,0,0.0
462,fengtaihuayuan_aq#30,0,0,0.0
463,fengtaihuayuan_aq#31,0,0,0.0
464,fengtaihuayuan_aq#32,0,0,0.0
465,fengtaihuayuan_aq#33,0,0,0.0
466,fengtaihuayuan_aq#34,0,0,0.0
467,fengtaihuayuan_aq#35,0,0,0.0
468,fengtaihuayuan_aq#36,0,0,0.0
469,fengtaihuayuan_aq#37,0,0,0.0
470,fengtaihuayuan_aq#38,0,0,0.0
471,fengtaihuayuan_aq#39,0,0,0.0
472,fengtaihuayuan_aq#40,0,0,0.0
473,fengtaihuayuan_aq#41,0,0,0.0
474,fengtaihuayuan_aq#42,0,0,0.0
475,fengtaihuayuan_aq#43,0,0,0.0
476,fengtaihuayuan_aq#44,0,0,0.0
477,fengtaihuayuan_aq#45,0,0,0.0
478,fengtaihuayuan_aq#46,0,0,0.0
479,fengtaihuayuan_aq#47,0,0,0.0
480,yungang_aq#0,0,0,0.0
481,yungang_aq#1,0,0,0.0
482,yungang_aq#2,0,0,0.0
483,yungang_aq#3,0,0,0.0
484,yungang_aq#4,0,0,0.0
485,yungang_aq#5,0,0,0.0
486,yungang_aq#6,0,0,0.0
487,yungang_aq#7,0,0,0.0
488,yungang_aq#8,0,0,0.0
489,yungang_aq#9,0,0,0.0
490,yungang_aq#10,0,0,0.0
491,yungang_aq#11,0,0,0.0
492,yungang_aq#12,0,0,0.0
493,yungang_aq#13,0,0,0.0
494,yungang_aq#14,0,0,0.0
495,yungang_aq#15,0,0,0.0
496,yungang_aq#16,0,0,0.0
497,yungang_aq#17,0,0,0.0
498,yungang_aq#18,0,0,0.0
499,yungang_aq#19,0,0,0.0
500,yungang_aq#20,0,0,0.0
501,yungang_aq#21,0,0,0.0
502,yungang_aq#22,0,0,0.0
503,yungang_aq#23,0,0,0.0
504,yungang_aq#24,0,0,0.0
505,yungang_aq#25,0,0,0.0
506,yungang_aq#26,0,0,0.0
507,yungang_aq#27,0,0,0.0
508,yungang_aq#28,0,0,0.0
509,yungang_aq#29,0,0,0.0
510,yungang_aq#30,0,0,0.0
511,yungang_aq#31,0,0,0.0
512,yungang_aq#32,0,0,0.0
513,yungang_aq#33,0,0,0.0
514,yungang_aq#34,0,0,0.0
515,yungang_aq#35,0,0,0.0
516,yungang_aq#36,0,0,0.0
517,yungang_aq#37,0,0,0.0
518,yungang_aq#38,0,0,0.0
519,yungang_aq#39,0,0,0.0
520,yungang_aq#40,0,0,0.0
521,yungang_aq#41,0,0,0.0
522,yungang_aq#42,0,0,0.0
523,yungang_aq#43,0,0,0.0
524,yungang_aq#44,0,0,0.0
525,yungang_aq#45,0,0,0.0
526,yungang_aq#46,0,0,0.0
527,yungang_aq#47,0,0,0.0
528,gucheng_aq#0,0,0,0.0
529,gucheng_aq#1,0,0,0.0
530,gucheng_aq#2,0,0,0.0
531,gucheng_aq#3,0,0,0.0
532,gucheng_aq#4,0,0,0.0
533,gucheng_aq#5,0,0,0.0
534,gucheng_aq#6,0,0,0.0
535,gucheng_aq#7,0,0,0.0
536,gucheng_aq#8,0,0,0.0
537,gucheng_aq#9,0,0,0.0
538,gucheng_aq#10,0,0,0.0
539,gucheng_aq#11,0,0,0.0
540,gucheng_aq#12,0,0,0.0
541,gucheng_aq#13,0,0,0.0
542,gucheng_aq#14,0,0,0.0
543,gucheng_aq#15,0,0,0.0
544,gucheng_aq#16,0,0,0.0
545,gucheng_aq#17,0,0,0.0
546,gucheng_aq#18,0,0,0.0
547,gucheng_aq#19,0,0,0.0
548,gucheng_aq#20,0,0,0.0
549,gucheng_aq#21,0,0,0.0
550,gucheng_aq#22,0,0,0.0
551,gucheng_aq#23,0,0,0.0
552,gucheng_aq#24,0,0,0.0
553,gucheng_aq#25,0,0,0.0
554,gucheng_aq#26,0,0,0.0
555,gucheng_aq#27,0,0,0.0
556,gucheng_aq#28,0,0,0.0
557,gucheng_aq#29,0,0,0.0
558,gucheng_aq#30,0,0,0.0
559,gucheng_aq#31,0,0,0.0
560,gucheng_aq#32,0,0,0.0
561,gucheng_aq#33,0,0,0.0
562,gucheng_aq#34,0,0,0.0
563,gucheng_aq#35,0,0,0.0
564,gucheng_aq#36,0,0,0.0
565,gucheng_aq#37,0,0,0.0
566,gucheng_aq#38,0,0,0.0
567,gucheng_aq#39,0,0,0.0
568,gucheng_aq#40,0,0,0.0
569,gucheng_aq#41,0,0,0.0
570,gucheng_aq#42,0,0,0.0
571,gucheng_aq#43,0,0,0.0
572,gucheng_aq#44,0,0,0.0
573,gucheng_aq#45,0,0,0.0
574,gucheng_aq#46,0,0,0.0
575,gucheng_aq#47,0,0,0.0
576,fangshan_aq#0,0,0,0.0
577,fangshan_aq#1,0,0,0.0
578,fangshan_aq#2,0,0,0.0
579,fangshan_aq#3,0,0,0.0
580,fangshan_aq#4,0,0,0.0
581,fangshan_aq#5,0,0,0.0
582,fangshan_aq#6,0,0,0.0
583,fangshan_aq#7,0,0,0.0
584,fangshan_aq#8,0,0,0.0
585,fangshan_aq#9,0,0,0.0
586,fangshan_aq#10,0,0,0.0
587,fangshan_aq#11,0,0,0.0
588,fangshan_aq#12,0,0,0.0
589,fangshan_aq#13,0,0,0.0
590,fangshan_aq#14,0,0,0.0
591,fangshan_aq#15,0,0,0.0
592,fangshan_aq#16,0,0,0.0
593,fangshan_aq#17,0,0,0.0
594,fangshan_aq#18,0,0,0.0
595,fangshan_aq#19,0,0,0.0
596,fangshan_aq#20,0,0,0.0
597,fangshan_aq#21,0,0,0.0
598,fangshan_aq#22,0,0,0.0
599,fangshan_aq#23,0,0,0.0
600,fangshan_aq#24,0,0,0.0
601,fangshan_aq#25,0,0,0.0
602,fangshan_aq#26,0,0,0.0
603,fangshan_aq#27,0,0,0.0
604,fangshan_aq#28,0,0,0.0
605,fangshan_aq#29,0,0,0.0
606,fangshan_aq#30,0,0,0.0
607,fangshan_aq#31,0,0,0.0
608,fangshan_aq#32,0,0,0.0
609,fangshan_aq#33,0,0,0.0
610,fangshan_aq#34,0,0,0.0
611,fangshan_aq#35,0,0,0.0
612,fangshan_aq#36,0,0,0.0
613,fangshan_aq#37,0,0,0.0
614,fangshan_aq#38,0,0,0.0
615,fangshan_aq#39,0,0,0.0
616,fangshan_aq#40,0,0,0.0
617,fangshan_aq#41,0,0,0.0
618,fangshan_aq#42,0,0,0.0
619,fangshan_aq#43,0,0,0.0
620,fangshan_aq#44,0,0,0.0
621,fangshan_aq#45,0,0,0.0
622,fangshan_aq#46,0,0,0.0
623,fangshan_aq#47,0,0,0.0
624,daxing_aq#0,0,0,0.0
625,daxing_aq#1,0,0,0.0
626,daxing_aq#2,0,0,0.0
627,daxing_aq#3,0,0,0.0
628,daxing_aq#4,0,0,0.0
629,daxing_aq#5,0,0,0.0
630,daxing_aq#6,0,0,0.0
631,daxing_aq#7,0,0,0.0
632,daxing_aq#8,0,0,0.0
633,daxing_aq#9,0,0,0.0
634,daxing_aq#10,0,0,0.0
635,daxing_aq#11,0,0,0.0
636,daxing_aq#12,0,0,0.0
637,daxing_aq#13,0,0,0.0
638,daxing_aq#14,0,0,0.0
639,daxing_aq#15,0,0,0.0
640,daxing_aq#16,0,0,0.0
641,daxing_aq#17,0,0,0.0
642,daxing_aq#18,0,0,0.0
643,daxing_aq#19,0,0,0.0
644,daxing_aq#20,0,0,0.0
645,daxing_aq#21,0,0,0.0
646,daxing_aq#22,0,0,0.0
647,daxing_aq#23,0,0,0.0
648,daxing_aq#24,0,0,0.0
649,daxing_aq#25,0,0,0.0
650,daxing_aq#26,0,0,0.0
651,daxing_aq#27,0,0,0.0
652,daxing_aq#28,0,0,0.0
653,daxing_aq#29,0,0,0.0
654,daxing_aq#30,0,0,0.0
655,daxing_aq#31,0,0,0.0
656,daxing_aq#32,0,0,0.0
657,daxing_aq#33,0,0,0.0
658,daxing_aq#34,0,0,0.0
659,daxing_aq#35,0,0,0.0
660,daxing_aq#36,0,0,0.0
661,daxing_aq#37,0,0,0.0
662,daxing_aq#38,0,0,0.0
663,daxing_aq#39,0,0,0.0
664,daxing_aq#40,0,0,0.0
665,daxing_aq#41,0,0,0.0
666,daxing_aq#42,0,0,0.0
667,daxing_aq#43,0,0,0.0
668,daxing_aq#44,0,0,0.0
669,daxing_aq#45,0,0,0.0
670,daxing_aq#46,0,0,0.0
671,daxing_aq#47,0,0,0.0
672,yizhuang_aq#0,0,0,0.0
673,yizhuang_aq#1,0,0,0.0
674,yizhuang_aq#2,0,0,0.0
675,yizhuang_aq#3,0,0,0.0
676,yizhuang_aq#4,0,0,0.0
677,yizhuang_aq#5,0,0,0.0
678,yizhuang_aq#6,0,0,0.0
679,yizhuang_aq#7,0,0,0.0
680,yizhuang_aq#8,0,0,0.0
681,yizhuang_aq#9,0,0,0.0
682,yizhuang_aq#10,0,0,0.0
683,yizhuang_aq#11,0,0,0.0
684,yizhuang_aq#12,0,0,0.0
685,yizhuang_aq#13,0,0,0.0
686,yizhuang_aq#14,0,0,0.0
687,yizhuang_aq#15,0,0,0.0
688,yizhuang_aq#16,0,0,0.0
689,yizhuang_aq#17,0,0,0.0
690,yizhuang_aq#18,0,0,0.0
691,yizhuang_aq#19,0,0,0.0
692,yizhuang_aq#20,0,0,0.0
693,yizhuang_aq#21,0,0,0.0
694,yizhuang_aq#22,0,0,0.0
695,yizhuang_aq#23,0,0,0.0
696,yizhuang_aq#24,0,0,0.0
697,yizhuang_aq#25,0,0,0.0
698,yizhuang_aq#26,0,0,0.0
699,yizhuang_aq#27,0,0,0.0
700,yizhuang_aq#28,0,0,0.0
701,yizhuang_aq#29,0,0,0.0
702,yizhuang_aq#30,0,0,0.0
703,yizhuang_aq#31,0,0,0.0
704,yizhuang_aq#32,0,0,0.0
705,yizhuang_aq#33,0,0,0.0
706,yizhuang_aq#34,0,0,0.0
707,yizhuang_aq#35,0,0,0.0
708,yizhuang_aq#36,0,0,0.0
709,yizhuang_aq#37,0,0,0.0
710,yizhuang_aq#38,0,0,0.0
711,yizhuang_aq#39,0,0,0.0
712,yizhuang_aq#40,0,0,0.0
713,yizhuang_aq#41,0,0,0.0
714,yizhuang_aq#42,0,0,0.0
715,yizhuang_aq#43,0,0,0.0
716,yizhuang_aq#44,0,0,0.0
717,yizhuang_aq#45,0,0,0.0
718,yizhuang_aq#46,0,0,0.0
719,yizhuang_aq#47,0,0,0.0
720,tongzhou_aq#0,0,0,0.0
721,tongzhou_aq#1,0,0,0.0
722,tongzhou_aq#2,0,0,0.0
723,tongzhou_aq#3,0,0,0.0
724,tongzhou_aq#4,0,0,0.0
725,tongzhou_aq#5,0,0,0.0
726,tongzhou_aq#6,0,0,0.0
727,tongzhou_aq#7,0,0,0.0
728,tongzhou_aq#8,0,0,0.0
729,tongzhou_aq#9,0,0,0.0
730,tongzhou_aq#10,0,0,0.0
731,tongzhou_aq#11,0,0,0.0
732,tongzhou_aq#12,0,0,0.0
733,tongzhou_aq#13,0,0,0.0
734,tongzhou_aq#14,0,0,0.0
735,tongzhou_aq#15,0,0,0.0
736,tongzhou_aq#16,0,0,0.0
737,tongzhou_aq#17,0,0,0.0
738,tongzhou_aq#18,0,0,0.0
739,tongzhou_aq#19,0,0,0.0
740,tongzhou_aq#20,0,0,0.0
741,tongzhou_aq#21,0,0,0.0
742,tongzhou_aq#22,0,0,0.0
743,tongzhou_aq#23,0,0,0.0
744,tongzhou_aq#24,0,0,0.0
745,tongzhou_aq#25,0,0,0.0
746,tongzhou_aq#26,0,0,0.0
747,tongzhou_aq#27,0,0,0.0
748,tongzhou_aq#28,0,0,0.0
749,tongzhou_aq#29,0,0,0.0
750,tongzhou_aq#30,0,0,0.0
751,tongzhou_aq#31,0,0,0.0
752,tongzhou_aq#32,0,0,0.0
753,tongzhou_aq#33,0,0,0.0
754,tongzhou_aq#34,0,0,0.0
755,tongzhou_aq#35,0,0,0.0
756,tongzhou_aq#36,0,0,0.0
757,tongzhou_aq#37,0,0,0.0
758,tongzhou_aq#38,0,0,0.0
759,tongzhou_aq#39,0,0,0.0
760,tongzhou_aq#40,0,0,0.0
761,tongzhou_aq#41,0,0,0.0
762,tongzhou_aq#42,0,0,0.0
763,tongzhou_aq#43,0,0,0.0
764,tongzhou_aq#44,0,0,0.0
765,tongzhou_aq#45,0,0,0.0
766,tongzhou_aq#46,0,0,0.0
767,tongzhou_aq#47,0,0,0.0
768,shunyi_aq#0,0,0,0.0
769,shunyi_aq#1,0,0,0.0
770,shunyi_aq#2,0,0,0.0
771,shunyi_aq#3,0,0,0.0
772,shunyi_aq#4,0,0,0.0
773,shunyi_aq#5,0,0,0.0
774,shunyi_aq#6,0,0,0.0
775,shunyi_aq#7,0,0,0.0
776,shunyi_aq#8,0,0,0.0
777,shunyi_aq#9,0,0,0.0
778,shunyi_aq#10,0,0,0.0
779,shunyi_aq#11,0,0,0.0
780,shunyi_aq#12,0,0,0.0
781,shunyi_aq#13,0,0,0.0
782,shunyi_aq#14,0,0,0.0
783,shunyi_aq#15,0,0,0.0
784,shunyi_aq#16,0,0,0.0
785,shunyi_aq#17,0,0,0.0
786,shunyi_aq#18,0,0,0.0
787,shunyi_aq#19,0,0,0.0
788,shunyi_aq#20,0,0,0.0
789,shunyi_aq#21,0,0,0.0
790,shunyi_aq#22,0,0,0.0
791,shunyi_aq#23,0,0,0.0
792,shunyi_aq#24,0,0,0.0
793,shunyi_aq#25,0,0,0.0
794,shunyi_aq#26,0,0,0.0
795,shunyi_aq#27,0,0,0.0
796,shunyi_aq#28,0,0,0.0
797,shunyi_aq#29,0,0,0.0
798,shunyi_aq#30,0,0,0.0
799,shunyi_aq#31,0,0,0.0
800,shunyi_aq#32,0,0,0.0
801,shunyi_aq#33,0,0,0.0
802,shunyi_aq#34,0,0,0.0
803,shunyi_aq#35,0,0,0.0
804,shunyi_aq#36,0,0,0.0
805,shunyi_aq#37,0,0,0.0
806,shunyi_aq#38,0,0,0.0
807,shunyi_aq#39,0,0,0.0
808,shunyi_aq#40,0,0,0.0
809,shunyi_aq#41,0,0,0.0
810,shunyi_aq#42,0,0,0.0
811,shunyi_aq#43,0,0,0.0
812,shunyi_aq#44,0,0,0.0
813,shunyi_aq#45,0,0,0.0
814,shunyi_aq#46,0,0,0.0
815,shunyi_aq#47,0,0,0.0
816,pingchang_aq#0,0,0,0.0
817,pingchang_aq#1,0,0,0.0
818,pingchang_aq#2,0,0,0.0
819,pingchang_aq#3,0,0,0.0
820,pingchang_aq#4,0,0,0.0
821,pingchang_aq#5,0,0,0.0
822,pingchang_aq#6,0,0,0.0
823,pingchang_aq#7,0,0,0.0
824,pingchang_aq#8,0,0,0.0
825,pingchang_aq#9,0,0,0.0
826,pingchang_aq#10,0,0,0.0
827,pingchang_aq#11,0,0,0.0
828,pingchang_aq#12,0,0,0.0
829,pingchang_aq#13,0,0,0.0
830,pingchang_aq#14,0,0,0.0
831,pingchang_aq#15,0,0,0.0
832,pingchang_aq#16,0,0,0.0
833,pingchang_aq#17,0,0,0.0
834,pingchang_aq#18,0,0,0.0
835,pingchang_aq#19,0,0,0.0
836,pingchang_aq#20,0,0,0.0
837,pingchang_aq#21,0,0,0.0
838,pingchang_aq#22,0,0,0.0
839,pingchang_aq#23,0,0,0.0
840,pingchang_aq#24,0,0,0.0
841,pingchang_aq#25,0,0,0.0
842,pingchang_aq#26,0,0,0.0
843,pingchang_aq#27,0,0,0.0
844,pingchang_aq#28,0,0,0.0
845,pingchang_aq#29,0,0,0.0
846,pingchang_aq#30,0,0,0.0
847,pingchang_aq#31,0,0,0.0
848,pingchang_aq#32,0,0,0.0
849,pingchang_aq#33,0,0,0.0
850,pingchang_aq#34,0,0,0.0
851,pingchang_aq#35,0,0,0.0
852,pingchang_aq#36,0,0,0.0
853,pingchang_aq#37,0,0,0.0
854,pingchang_aq#38,0,0,0.0
855,pingchang_aq#39,0,0,0.0
856,pingchang_aq#40,0,0,0.0
857,pingchang_aq#41,0,0,0.0
858,pingchang_aq#42,0,0,0.0
859,pingchang_aq#43,0,0,0.0
860,pingchang_aq#44,0,0,0.0
861,pingchang_aq#45,0,0,0.0
862,pingchang_aq#46,0,0,0.0
863,pingchang_aq#47,0,0,0.0
864,mentougou_aq#0,0,0,0.0
865,mentougou_aq#1,0,0,0.0
866,mentougou_aq#2,0,0,0.0
867,mentougou_aq#3,0,0,0.0
868,mentougou_aq#4,0,0,0.0
869,mentougou_aq#5,0,0,0.0
870,mentougou_aq#6,0,0,0.0
871,mentougou_aq#7,0,0,0.0
872,mentougou_aq#8,0,0,0.0
873,mentougou_aq#9,0,0,0.0
874,mentougou_aq#10,0,0,0.0
875,mentougou_aq#11,0,0,0.0
876,mentougou_aq#12,0,0,0.0
877,mentougou_aq#13,0,0,0.0
878,mentougou_aq#14,0,0,0.0
879,mentougou_aq#15,0,0,0.0
880,mentougou_aq#16,0,0,0.0
881,mentougou_aq#17,0,0,0.0
882,mentougou_aq#18,0,0,0.0
883,mentougou_aq#19,0,0,0.0
884,mentougou_aq#20,0,0,0.0
885,mentougou_aq#21,0,0,0.0
886,mentougou_aq#22,0,0,0.0
887,mentougou_aq#23,0,0,0.0
888,mentougou_aq#24,0,0,0.0
889,mentougou_aq#25,0,0,0.0
890,mentougou_aq#26,0,0,0.0
891,mentougou_aq#27,0,0,0.0
892,mentougou_aq#28,0,0,0.0
893,mentougou_aq#29,0,0,0.0
894,mentougou_aq#30,0,0,0.0
895,mentougou_aq#31,0,0,0.0
896,mentougou_aq#32,0,0,0.0
897,mentougou_aq#33,0,0,0.0
898,mentougou_aq#34,0,0,0.0
899,mentougou_aq#35,0,0,0.0
900,mentougou_aq#36,0,0,0.0
901,mentougou_aq#37,0,0,0.0
902,mentougou_aq#38,0,0,0.0
903,mentougou_aq#39,0,0,0.0
904,mentougou_aq#40,0,0,0.0
905,mentougou_aq#41,0,0,0.0
906,mentougou_aq#42,0,0,0.0
907,mentougou_aq#43,0,0,0.0
908,mentougou_aq#44,0,0,0.0
909,mentougou_aq#45,0,0,0.0
910,mentougou_aq#46,0,0,0.0
911,mentougou_aq#47,0,0,0.0
912,pinggu_aq#0,0,0,0.0
913,pinggu_aq#1,0,0,0.0
914,pinggu_aq#2,0,0,0.0
915,pinggu_aq#3,0,0,0.0
916,pinggu_aq#4,0,0,0.0
917,pinggu_aq#5,0,0,0.0
918,pinggu_aq#6,0,0,0.0
919,pinggu_aq#7,0,0,0.0
920,pinggu_aq#8,0,0,0.0
921,pinggu_aq#9,0,0,0.0
922,pinggu_aq#10,0,0,0.0
923,pinggu_aq#11,0,0,0.0
924,pinggu_aq#12,0,0,0.0
925,pinggu_aq#13,0,0,0.0
926,pinggu_aq#14,0,0,0.0
927,pinggu_aq#15,0,0,0.0
928,pinggu_aq#16,0,0,0.0
929,pinggu_aq#17,0,0,0.0
930,pinggu_aq#18,0,0,0.0
931,pinggu_aq#19,0,0,0.0
932,pinggu_aq#20,0,0,0.0
933,pinggu_aq#21,0,0,0.0
934,pinggu_aq#22,0,0,0.0
935,pinggu_aq#23,0,0,0.0
936,pinggu_aq#24,0,0,0.0
937,pinggu_aq#25,0,0,0.0
938,pinggu_aq#26,0,0,0.0
939,pinggu_aq#27,0,0,0.0
940,pinggu_aq#28,0,0,0.0
941,pinggu_aq#29,0,0,0.0
942,pinggu_aq#30,0,0,0.0
943,pinggu_aq#31,0,0,0.0
944,pinggu_aq#32,0,0,0.0
945,pinggu_aq#33,0,0,0.0
946,pinggu_aq#34,0,0,0.0
947,pinggu_aq#35,0,0,0.0
948,pinggu_aq#36,0,0,0.0
949,pinggu_aq#37,0,0,0.0
950,pinggu_aq#38,0,0,0.0
951,pinggu_aq#39,0,0,0.0
952,pinggu_aq#40,0,0,0.0
953,pinggu_aq#41,0,0,0.0
954,pinggu_aq#42,0,0,0.0
955,pinggu_aq#43,0,0,0.0
956,pinggu_aq#44,0,0,0.0
957,pinggu_aq#45,0,0,0.0
958,pinggu_aq#46,0,0,0.0
959,pinggu_aq#47,0,0,0.0
960,huairou_aq#0,0,0,0.0
961,huairou_aq#1,0,0,0.0
962,huairou_aq#2,0,0,0.0
963,huairou_aq#3,0,0,0.0
964,huairou_aq#4,0,0,0.0
965,huairou_aq#5,0,0,0.0
966,huairou_aq#6,0,0,0.0
967,huairou_aq#7,0,0,0.0
968,huairou_aq#8,0,0,0.0
969,huairou_aq#9,0,0,0.0
970,huairou_aq#10,0,0,0.0
971,huairou_aq#11,0,0,0.0
972,huairou_aq#12,0,0,0.0
973,huairou_aq#13,0,0,0.0
974,huairou_aq#14,0,0,0.0
975,huairou_aq#15,0,0,0.0
976,huairou_aq#16,0,0,0.0
977,huairou_aq#17,0,0,0.0
978,huairou_aq#18,0,0,0.0
979,huairou_aq#19,0,0,0.0
980,huairou_aq#20,0,0,0.0
981,huairou_aq#21,0,0,0.0
982,huairou_aq#22,0,0,0.0
983,huairou_aq#23,0,0,0.0
984,huairou_aq#24,0,0,0.0
985,huairou_aq#25,0,0,0.0
986,huairou_aq#26,0,0,0.0
987,huairou_aq#27,0,0,0.0
988,huairou_aq#28,0,0,0.0
989,huairou_aq#29,0,0,0.0
990,huairou_aq#30,0,0,0.0
991,huairou_aq#31,0,0,0.0
992,huairou_aq#32,0,0,0.0
993,huairou_aq#33,0,0,0.0
994,huairou_aq#34,0,0,0.0
995,huairou_aq#35,0,0,0.0
996,huairou_aq#36,0,0,0.0
997,huairou_aq#37,0,0,0.0
998,huairou_aq#38,0,0,0.0
999,huairou_aq#39,0,0,0.0
1000,huairou_aq#40,0,0,0.0
1001,huairou_aq#41,0,0,0.0
1002,huairou_aq#42,0,0,0.0
1003,huairou_aq#43,0,0,0.0
1004,huairou_aq#44,0,0,0.0
1005,huairou_aq#45,0,0,0.0
1006,huairou_aq#46,0,0,0.0
1007,huairou_aq#47,0,0,0.0
1008,miyun_aq#0,0,0,0.0
1009,miyun_aq#1,0,0,0.0
1010,miyun_aq#2,0,0,0.0
1011,miyun_aq#3,0,0,0.0
1012,miyun_aq#4,0,0,0.0
1013,miyun_aq#5,0,0,0.0
1014,miyun_aq#6,0,0,0.0
1015,miyun_aq#7,0,0,0.0
1016,miyun_aq#8,0,0,0.0
1017,miyun_aq#9,0,0,0.0
1018,miyun_aq#10,0,0,0.0
1019,miyun_aq#11,0,0,0.0
1020,miyun_aq#12,0,0,0.0
1021,miyun_aq#13,0,0,0.0
1022,miyun_aq#14,0,0,0.0
1023,miyun_aq#15,0,0,0.0
1024,miyun_aq#16,0,0,0.0
1025,miyun_aq#17,0,0,0.0
1026,miyun_aq#18,0,0,0.0
1027,miyun_aq#19,0,0,0.0
1028,miyun_aq#20,0,0,0.0
1029,miyun_aq#21,0,0,0.0
1030,miyun_aq#22,0,0,0.0
1031,miyun_aq#23,0,0,0.0
1032,miyun_aq#24,0,0,0.0
1033,miyun_aq#25,0,0,0.0
1034,miyun_aq#26,0,0,0.0
1035,miyun_aq#27,0,0,0.0
1036,miyun_aq#28,0,0,0.0
1037,miyun_aq#29,0,0,0.0
1038,miyun_aq#30,0,0,0.0
1039,miyun_aq#31,0,0,0.0
1040,miyun_aq#32,0,0,0.0
1041,miyun_aq#33,0,0,0.0
1042,miyun_aq#34,0,0,0.0
1043,miyun_aq#35,0,0,0.0
1044,miyun_aq#36,0,0,0.0
1045,miyun_aq#37,0,0,0.0
1046,miyun_aq#38,0,0,0.0
1047,miyun_aq#39,0,0,0.0
1048,miyun_aq#40,0,0,0.0
1049,miyun_aq#41,0,0,0.0
1050,miyun_aq#42,0,0,0.0
1051,miyun_aq#43,0,0,0.0
1052,miyun_aq#44,0,0,0.0
1053,miyun_aq#45,0,0,0.0
1054,miyun_aq#46,0,0,0.0
1055,miyun_aq#47,0,0,0.0
1056,yanqin_aq#0,0,0,0.0
1057,yanqin_aq#1,0,0,0.0
1058,yanqin_aq#2,0,0,0.0
1059,yanqin_aq#3,0,0,0.0
1060,yanqin_aq#4,0,0,0.0
1061,yanqin_aq#5,0,0,0.0
1062,yanqin_aq#6,0,0,0.0
1063,yanqin_aq#7,0,0,0.0
1064,yanqin_aq#8,0,0,0.0
1065,yanqin_aq#9,0,0,0.0
1066,yanqin_aq#10,0,0,0.0
1067,yanqin_aq#11,0,0,0.0
1068,yanqin_aq#12,0,0,0.0
1069,yanqin_aq#13,0,0,0.0
1070,yanqin_aq#14,0,0,0.0
1071,yanqin_aq#15,0,0,0.0
1072,yanqin_aq#16,0,0,0.0
1073,yanqin_aq#17,0,0,0.0
1074,yanqin_aq#18,0,0,0.0
1075,yanqin_aq#19,0,0,0.0
1076,yanqin_aq#20,0,0,0.0
1077,yanqin_aq#21,0,0,0.0
1078,yanqin_aq#22,0,0,0.0
1079,yanqin_aq#23,0,0,0.0
1080,yanqin_aq#24,0,0,0.0
1081,yanqin_aq#25,0,0,0.0
1082,yanqin_aq#26,0,0,0.0
1083,yanqin_aq#27,0,0,0.0
1084,yanqin_aq#28,0,0,0.0
1085,yanqin_aq#29,0,0,0.0
1086,yanqin_aq#30,0,0,0.0
1087,yanqin_aq#31,0,0,0.0
1088,yanqin_aq#32,0,0,0.0
1089,yanqin_aq#33,0,0,0.0
1090,yanqin_aq#34,0,0,0.0
1091,yanqin_aq#35,0,0,0.0
1092,yanqin_aq#36,0,0,0.0
1093,yanqin_aq#37,0,0,0.0
1094,yanqin_aq#38,0,0,0.0
1095,yanqin_aq#39,0,0,0.0
1096,yanqin_aq#40,0,0,0.0
1097,yanqin_aq#41,0,0,0.0
1098,yanqin_aq#42,0,0,0.0
1099,yanqin_aq#43,0,0,0.0
1100,yanqin_aq#44,0,0,0.0
1101,yanqin_aq#45,0,0,0.0
1102,yanqin_aq#46,0,0,0.0
1103,yanqin_aq#47,0,0,0.0
1104,dingling_aq#0,0,0,0.0
1105,dingling_aq#1,0,0,0.0
1106,dingling_aq#2,0,0,0.0
1107,dingling_aq#3,0,0,0.0
1108,dingling_aq#4,0,0,0.0
1109,dingling_aq#5,0,0,0.0
1110,dingling_aq#6,0,0,0.0
1111,dingling_aq#7,0,0,0.0
1112,dingling_aq#8,0,0,0.0
1113,dingling_aq#9,0,0,0.0
1114,dingling_aq#10,0,0,0.0
1115,dingling_aq#11,0,0,0.0
1116,dingling_aq#12,0,0,0.0
1117,dingling_aq#13,0,0,0.0
1118,dingling_aq#14,0,0,0.0
1119,dingling_aq#15,0,0,0.0
1120,dingling_aq#16,0,0,0.0
1121,dingling_aq#17,0,0,0.0
1122,dingling_aq#18,0,0,0.0
1123,dingling_aq#19,0,0,0.0
1124,dingling_aq#20,0,0,0.0
1125,dingling_aq#21,0,0,0.0
1126,dingling_aq#22,0,0,0.0
1127,dingling_aq#23,0,0,0.0
1128,dingling_aq#24,0,0,0.0
1129,dingling_aq#25,0,0,0.0
1130,dingling_aq#26,0,0,0.0
1131,dingling_aq#27,0,0,0.0
1132,dingling_aq#28,0,0,0.0
1133,dingling_aq#29,0,0,0.0
1134,dingling_aq#30,0,0,0.0
1135,dingling_aq#31,0,0,0.0
1136,dingling_aq#32,0,0,0.0
1137,dingling_aq#33,0,0,0.0
1138,dingling_aq#34,0,0,0.0
1139,dingling_aq#35,0,0,0.0
1140,dingling_aq#36,0,0,0.0
1141,dingling_aq#37,0,0,0.0
1142,dingling_aq#38,0,0,0.0
1143,dingling_aq#39,0,0,0.0
1144,dingling_aq#40,0,0,0.0
1145,dingling_aq#41,0,0,0.0
1146,dingling_aq#42,0,0,0.0
1147,dingling_aq#43,0,0,0.0
1148,dingling_aq#44,0,0,0.0
1149,dingling_aq#45,0,0,0.0
1150,dingling_aq#46,0,0,0.0
1151,dingling_aq#47,0,0,0.0
1152,badaling_aq#0,0,0,0.0
1153,badaling_aq#1,0,0,0.0
1154,badaling_aq#2,0,0,0.0
1155,badaling_aq#3,0,0,0.0
1156,badaling_aq#4,0,0,0.0
1157,badaling_aq#5,0,0,0.0
1158,badaling_aq#6,0,0,0.0
1159,badaling_aq#7,0,0,0.0
1160,badaling_aq#8,0,0,0.0
1161,badaling_aq#9,0,0,0.0
1162,badaling_aq#10,0,0,0.0
1163,badaling_aq#11,0,0,0.0
1164,badaling_aq#12,0,0,0.0
1165,badaling_aq#13,0,0,0.0
1166,badaling_aq#14,0,0,0.0
1167,badaling_aq#15,0,0,0.0
1168,badaling_aq#16,0,0,0.0
1169,badaling_aq#17,0,0,0.0
1170,badaling_aq#18,0,0,0.0
1171,badaling_aq#19,0,0,0.0
1172,badaling_aq#20,0,0,0.0
1173,badaling_aq#21,0,0,0.0
1174,badaling_aq#22,0,0,0.0
1175,badaling_aq#23,0,0,0.0
1176,badaling_aq#24,0,0,0.0
1177,badaling_aq#25,0,0,0.0
1178,badaling_aq#26,0,0,0.0
1179,badaling_aq#27,0,0,0.0
1180,badaling_aq#28,0,0,0.0
1181,badaling_aq#29,0,0,0.0
1182,badaling_aq#30,0,0,0.0
1183,badaling_aq#31,0,0,0.0
1184,badaling_aq#32,0,0,0.0
1185,badaling_aq#33,0,0,0.0
1186,badaling_aq#34,0,0,0.0
1187,badaling_aq#35,0,0,0.0
1188,badaling_aq#36,0,0,0.0
1189,badaling_aq#37,0,0,0.0
1190,badaling_aq#38,0,0,0.0
1191,badaling_aq#39,0,0,0.0
1192,badaling_aq#40,0,0,0.0
1193,badaling_aq#41,0,0,0.0
1194,badaling_aq#42,0,0,0.0
1195,badaling_aq#43,0,0,0.0
1196,badaling_aq#44,0,0,0.0
1197,badaling_aq#45,0,0,0.0
1198,badaling_aq#46,0,0,0.0
1199,badaling_aq#47,0,0,0.0
1200,miyunshuiku_aq#0,0,0,0.0
1201,miyunshuiku_aq#1,0,0,0.0
1202,miyunshuiku_aq#2,0,0,0.0
1203,miyunshuiku_aq#3,0,0,0.0
1204,miyunshuiku_aq#4,0,0,0.0
1205,miyunshuiku_aq#5,0,0,0.0
1206,miyunshuiku_aq#6,0,0,0.0
1207,miyunshuiku_aq#7,0,0,0.0
1208,miyunshuiku_aq#8,0,0,0.0
1209,miyunshuiku_aq#9,0,0,0.0
1210,miyunshuiku_aq#10,0,0,0.0
1211,miyunshuiku_aq#11,0,0,0.0
1212,miyunshuiku_aq#12,0,0,0.0
1213,miyunshuiku_aq#13,0,0,0.0
1214,miyunshuiku_aq#14,0,0,0.0
1215,miyunshuiku_aq#15,0,0,0.0
1216,miyunshuiku_aq#16,0,0,0.0
1217,miyunshuiku_aq#17,0,0,0.0
1218,miyunshuiku_aq#18,0,0,0.0
1219,miyunshuiku_aq#19,0,0,0.0
1220,miyunshuiku_aq#20,0,0,0.0
1221,miyunshuiku_aq#21,0,0,0.0
1222,miyunshuiku_aq#22,0,0,0.0
1223,miyunshuiku_aq#23,0,0,0.0
1224,miyunshuiku_aq#24,0,0,0.0
1225,miyunshuiku_aq#25,0,0,0.0
1226,miyunshuiku_aq#26,0,0,0.0
1227,miyunshuiku_aq#27,0,0,0.0
1228,miyunshuiku_aq#28,0,0,0.0
1229,miyunshuiku_aq#29,0,0,0.0
1230,miyunshuiku_aq#30,0,0,0.0
1231,miyunshuiku_aq#31,0,0,0.0
1232,miyunshuiku_aq#32,0,0,0.0
1233,miyunshuiku_aq#33,0,0,0.0
1234,miyunshuiku_aq#34,0,0,0.0
1235,miyunshuiku_aq#35,0,0,0.0
1236,miyunshuiku_aq#36,0,0,0.0
1237,miyunshuiku_aq#37,0,0,0.0
1238,miyunshuiku_aq#38,0,0,0.0
1239,miyunshuiku_aq#39,0,0,0.0
1240,miyunshuiku_aq#40,0,0,0.0
1241,miyunshuiku_aq#41,0,0,0.0
1242,miyunshuiku_aq#42,0,0,0.0
1243,miyunshuiku_aq#43,0,0,0.0
1244,miyunshuiku_aq#44,0,0,0.0
1245,miyunshuiku_aq#45,0,0,0.0
1246,miyunshuiku_aq#46,0,0,0.0
1247,miyunshuiku_aq#47,0,0,0.0
1248,donggaocun_aq#0,0,0,0.0
1249,donggaocun_aq#1,0,0,0.0
1250,donggaocun_aq#2,0,0,0.0
1251,donggaocun_aq#3,0,0,0.0
1252,donggaocun_aq#4,0,0,0.0
1253,donggaocun_aq#5,0,0,0.0
1254,donggaocun_aq#6,0,0,0.0
1255,donggaocun_aq#7,0,0,0.0
1256,donggaocun_aq#8,0,0,0.0
1257,donggaocun_aq#9,0,0,0.0
1258,donggaocun_aq#10,0,0,0.0
1259,donggaocun_aq#11,0,0,0.0
1260,donggaocun_aq#12,0,0,0.0
1261,donggaocun_aq#13,0,0,0.0
1262,donggaocun_aq#14,0,0,0.0
1263,donggaocun_aq#15,0,0,0.0
1264,donggaocun_aq#16,0,0,0.0
1265,donggaocun_aq#17,0,0,0.0
1266,donggaocun_aq#18,0,0,0.0
1267,donggaocun_aq#19,0,0,0.0
1268,donggaocun_aq#20,0,0,0.0
1269,donggaocun_aq#21,0,0,0.0
1270,donggaocun_aq#22,0,0,0.0
1271,donggaocun_aq#23,0,0,0.0
1272,donggaocun_aq#24,0,0,0.0
1273,donggaocun_aq#25,0,0,0.0
1274,donggaocun_aq#26,0,0,0.0
1275,donggaocun_aq#27,0,0,0.0
1276,donggaocun_aq#28,0,0,0.0
1277,donggaocun_aq#29,0,0,0.0
1278,donggaocun_aq#30,0,0,0.0
1279,donggaocun_aq#31,0,0,0.0
1280,donggaocun_aq#32,0,0,0.0
1281,donggaocun_aq#33,0,0,0.0
1282,donggaocun_aq#34,0,0,0.0
1283,donggaocun_aq#35,0,0,0.0
1284,donggaocun_aq#36,0,0,0.0
1285,donggaocun_aq#37,0,0,0.0
1286,donggaocun_aq#38,0,0,0.0
1287,donggaocun_aq#39,0,0,0.0
1288,donggaocun_aq#40,0,0,0.0
1289,donggaocun_aq#41,0,0,0.0
1290,donggaocun_aq#42,0,0,0.0
1291,donggaocun_aq#43,0,0,0.0
1292,donggaocun_aq#44,0,0,0.0
1293,donggaocun_aq#45,0,0,0.0
1294,donggaocun_aq#46,0,0,0.0
1295,donggaocun_aq#47,0,0,0.0
1296,yongledian_aq#0,0,0,0.0
1297,yongledian_aq#1,0,0,0.0
1298,yongledian_aq#2,0,0,0.0
1299,yongledian_aq#3,0,0,0.0
1300,yongledian_aq#4,0,0,0.0
1301,yongledian_aq#5,0,0,0.0
1302,yongledian_aq#6,0,0,0.0
1303,yongledian_aq#7,0,0,0.0
1304,yongledian_aq#8,0,0,0.0
1305,yongledian_aq#9,0,0,0.0
1306,yongledian_aq#10,0,0,0.0
1307,yongledian_aq#11,0,0,0.0
1308,yongledian_aq#12,0,0,0.0
1309,yongledian_aq#13,0,0,0.0
1310,yongledian_aq#14,0,0,0.0
1311,yongledian_aq#15,0,0,0.0
1312,yongledian_aq#16,0,0,0.0
1313,yongledian_aq#17,0,0,0.0
1314,yongledian_aq#18,0,0,0.0
1315,yongledian_aq#19,0,0,0.0
1316,yongledian_aq#20,0,0,0.0
1317,yongledian_aq#21,0,0,0.0
1318,yongledian_aq#22,0,0,0.0
1319,yongledian_aq#23,0,0,0.0
1320,yongledian_aq#24,0,0,0.0
1321,yongledian_aq#25,0,0,0.0
1322,yongledian_aq#26,0,0,0.0
1323,yongledian_aq#27,0,0,0.0
1324,yongledian_aq#28,0,0,0.0
1325,yongledian_aq#29,0,0,0.0
1326,yongledian_aq#30,0,0,0.0
1327,yongledian_aq#31,0,0,0.0
1328,yongledian_aq#32,0,0,0.0
1329,yongledian_aq#33,0,0,0.0
1330,yongledian_aq#34,0,0,0.0
1331,yongledian_aq#35,0,0,0.0
1332,yongledian_aq#36,0,0,0.0
1333,yongledian_aq#37,0,0,0.0
1334,yongledian_aq#38,0,0,0.0
1335,yongledian_aq#39,0,0,0.0
1336,yongledian_aq#40,0,0,0.0
1337,yongledian_aq#41,0,0,0.0
1338,yongledian_aq#42,0,0,0.0
1339,yongledian_aq#43,0,0,0.0
1340,yongledian_aq#44,0,0,0.0
1341,yongledian_aq#45,0,0,0.0
1342,yongledian_aq#46,0,0,0.0
1343,yongledian_aq#47,0,0,0.0
1344,yufa_aq#0,0,0,0.0
1345,yufa_aq#1,0,0,0.0
1346,yufa_aq#2,0,0,0.0
1347,yufa_aq#3,0,0,0.0
1348,yufa_aq#4,0,0,0.0
1349,yufa_aq#5,0,0,0.0
1350,yufa_aq#6,0,0,0.0
1351,yufa_aq#7,0,0,0.0
1352,yufa_aq#8,0,0,0.0
1353,yufa_aq#9,0,0,0.0
1354,yufa_aq#10,0,0,0.0
1355,yufa_aq#11,0,0,0.0
1356,yufa_aq#12,0,0,0.0
1357,yufa_aq#13,0,0,0.0
1358,yufa_aq#14,0,0,0.0
1359,yufa_aq#15,0,0,0.0
1360,yufa_aq#16,0,0,0.0
1361,yufa_aq#17,0,0,0.0
1362,yufa_aq#18,0,0,0.0
1363,yufa_aq#19,0,0,0.0
1364,yufa_aq#20,0,0,0.0
1365,yufa_aq#21,0,0,0.0
1366,yufa_aq#22,0,0,0.0
1367,yufa_aq#23,0,0,0.0
1368,yufa_aq#24,0,0,0.0
1369,yufa_aq#25,0,0,0.0
1370,yufa_aq#26,0,0,0.0
1371,yufa_aq#27,0,0,0.0
1372,yufa_aq#28,0,0,0.0
1373,yufa_aq#29,0,0,0.0
1374,yufa_aq#30,0,0,0.0
1375,yufa_aq#31,0,0,0.0
1376,yufa_aq#32,0,0,0.0
1377,yufa_aq#33,0,0,0.0
1378,yufa_aq#34,0,0,0.0
1379,yufa_aq#35,0,0,0.0
1380,yufa_aq#36,0,0,0.0
1381,yufa_aq#37,0,0,0.0
1382,yufa_aq#38,0,0,0.0
1383,yufa_aq#39,0,0,0.0
1384,yufa_aq#40,0,0,0.0
1385,yufa_aq#41,0,0,0.0
1386,yufa_aq#42,0,0,0.0
1387,yufa_aq#43,0,0,0.0
1388,yufa_aq#44,0,0,0.0
1389,yufa_aq#45,0,0,0.0
1390,yufa_aq#46,0,0,0.0
1391,yufa_aq#47,0,0,0.0
1392,liulihe_aq#0,0,0,0.0
1393,liulihe_aq#1,0,0,0.0
1394,liulihe_aq#2,0,0,0.0
1395,liulihe_aq#3,0,0,0.0
1396,liulihe_aq#4,0,0,0.0
1397,liulihe_aq#5,0,0,0.0
1398,liulihe_aq#6,0,0,0.0
1399,liulihe_aq#7,0,0,0.0
1400,liulihe_aq#8,0,0,0.0
1401,liulihe_aq#9,0,0,0.0
1402,liulihe_aq#10,0,0,0.0
1403,liulihe_aq#11,0,0,0.0
1404,liulihe_aq#12,0,0,0.0
1405,liulihe_aq#13,0,0,0.0
1406,liulihe_aq#14,0,0,0.0
1407,liulihe_aq#15,0,0,0.0
1408,liulihe_aq#16,0,0,0.0
1409,liulihe_aq#17,0,0,0.0
1410,liulihe_aq#18,0,0,0.0
1411,liulihe_aq#19,0,0,0.0
1412,liulihe_aq#20,0,0,0.0
1413,liulihe_aq#21,0,0,0.0
1414,liulihe_aq#22,0,0,0.0
1415,liulihe_aq#23,0,0,0.0
1416,liulihe_aq#24,0,0,0.0
1417,liulihe_aq#25,0,0,0.0
1418,liulihe_aq#26,0,0,0.0
1419,liulihe_aq#27,0,0,0.0
1420,liulihe_aq#28,0,0,0.0
1421,liulihe_aq#29,0,0,0.0
1422,liulihe_aq#30,0,0,0.0
1423,liulihe_aq#31,0,0,0.0
1424,liulihe_aq#32,0,0,0.0
1425,liulihe_aq#33,0,0,0.0
1426,liulihe_aq#34,0,0,0.0
1427,liulihe_aq#35,0,0,0.0
1428,liulihe_aq#36,0,0,0.0
1429,liulihe_aq#37,0,0,0.0
1430,liulihe_aq#38,0,0,0.0
1431,liulihe_aq#39,0,0,0.0
1432,liulihe_aq#40,0,0,0.0
1433,liulihe_aq#41,0,0,0.0
1434,liulihe_aq#42,0,0,0.0
1435,liulihe_aq#43,0,0,0.0
1436,liulihe_aq#44,0,0,0.0
1437,liulihe_aq#45,0,0,0.0
1438,liulihe_aq#46,0,0,0.0
1439,liulihe_aq#47,0,0,0.0
1440,qianmen_aq#0,0,0,0.0
1441,qianmen_aq#1,0,0,0.0
1442,qianmen_aq#2,0,0,0.0
1443,qianmen_aq#3,0,0,0.0
1444,qianmen_aq#4,0,0,0.0
1445,qianmen_aq#5,0,0,0.0
1446,qianmen_aq#6,0,0,0.0
1447,qianmen_aq#7,0,0,0.0
1448,qianmen_aq#8,0,0,0.0
1449,qianmen_aq#9,0,0,0.0
1450,qianmen_aq#10,0,0,0.0
1451,qianmen_aq#11,0,0,0.0
1452,qianmen_aq#12,0,0,0.0
1453,qianmen_aq#13,0,0,0.0
1454,qianmen_aq#14,0,0,0.0
1455,qianmen_aq#15,0,0,0.0
1456,qianmen_aq#16,0,0,0.0
1457,qianmen_aq#17,0,0,0.0
1458,qianmen_aq#18,0,0,0.0
1459,qianmen_aq#19,0,0,0.0
1460,qianmen_aq#20,0,0,0.0
1461,qianmen_aq#21,0,0,0.0
1462,qianmen_aq#22,0,0,0.0
1463,qianmen_aq#23,0,0,0.0
1464,qianmen_aq#24,0,0,0.0
1465,qianmen_aq#25,0,0,0.0
1466,qianmen_aq#26,0,0,0.0
1467,qianmen_aq#27,0,0,0.0
1468,qianmen_aq#28,0,0,0.0
1469,qianmen_aq#29,0,0,0.0
1470,qianmen_aq#30,0,0,0.0
1471,qianmen_aq#31,0,0,0.0
1472,qianmen_aq#32,0,0,0.0
1473,qianmen_aq#33,0,0,0.0
1474,qianmen_aq#34,0,0,0.0
1475,qianmen_aq#35,0,0,0.0
1476,qianmen_aq#36,0,0,0.0
1477,qianmen_aq#37,0,0,0.0
1478,qianmen_aq#38,0,0,0.0
1479,qianmen_aq#39,0,0,0.0
1480,qianmen_aq#40,0,0,0.0
1481,qianmen_aq#41,0,0,0.0
1482,qianmen_aq#42,0,0,0.0
1483,qianmen_aq#43,0,0,0.0
1484,qianmen_aq#44,0,0,0.0
1485,qianmen_aq#45,0,0,0.0
1486,qianmen_aq#46,0,0,0.0
1487,qianmen_aq#47,0,0,0.0
1488,yongdingmennei_aq#0,0,0,0.0
1489,yongdingmennei_aq#1,0,0,0.0
1490,yongdingmennei_aq#2,0,0,0.0
1491,yongdingmennei_aq#3,0,0,0.0
1492,yongdingmennei_aq#4,0,0,0.0
1493,yongdingmennei_aq#5,0,0,0.0
1494,yongdingmennei_aq#6,0,0,0.0
1495,yongdingmennei_aq#7,0,0,0.0
1496,yongdingmennei_aq#8,0,0,0.0
1497,yongdingmennei_aq#9,0,0,0.0
1498,yongdingmennei_aq#10,0,0,0.0
1499,yongdingmennei_aq#11,0,0,0.0
1500,yongdingmennei_aq#12,0,0,0.0
1501,yongdingmennei_aq#13,0,0,0.0
1502,yongdingmennei_aq#14,0,0,0.0
1503,yongdingmennei_aq#15,0,0,0.0
1504,yongdingmennei_aq#16,0,0,0.0
1505,yongdingmennei_aq#17,0,0,0.0
1506,yongdingmennei_aq#18,0,0,0.0
1507,yongdingmennei_aq#19,0,0,0.0
1508,yongdingmennei_aq#20,0,0,0.0
1509,yongdingmennei_aq#21,0,0,0.0
1510,yongdingmennei_aq#22,0,0,0.0
1511,yongdingmennei_aq#23,0,0,0.0
1512,yongdingmennei_aq#24,0,0,0.0
1513,yongdingmennei_aq#25,0,0,0.0
1514,yongdingmennei_aq#26,0,0,0.0
1515,yongdingmennei_aq#27,0,0,0.0
1516,yongdingmennei_aq#28,0,0,0.0
1517,yongdingmennei_aq#29,0,0,0.0
1518,yongdingmennei_aq#30,0,0,0.0
1519,yongdingmennei_aq#31,0,0,0.0
1520,yongdingmennei_aq#32,0,0,0.0
1521,yongdingmennei_aq#33,0,0,0.0
1522,yongdingmennei_aq#34,0,0,0.0
1523,yongdingmennei_aq#35,0,0,0.0
1524,yongdingmennei_aq#36,0,0,0.0
1525,yongdingmennei_aq#37,0,0,0.0
1526,yongdingmennei_aq#38,0,0,0.0
1527,yongdingmennei_aq#39,0,0,0.0
1528,yongdingmennei_aq#40,0,0,0.0
1529,yongdingmennei_aq#41,0,0,0.0
1530,yongdingmennei_aq#42,0,0,0.0
1531,yongdingmennei_aq#43,0,0,0.0
1532,yongdingmennei_aq#44,0,0,0.0
1533,yongdingmennei_aq#45,0,0,0.0
1534,yongdingmennei_aq#46,0,0,0.0
1535,yongdingmennei_aq#47,0,0,0.0
1536,xizhimenbei_aq#0,0,0,0.0
1537,xizhimenbei_aq#1,0,0,0.0
1538,xizhimenbei_aq#2,0,0,0.0
1539,xizhimenbei_aq#3,0,0,0.0
1540,xizhimenbei_aq#4,0,0,0.0
1541,xizhimenbei_aq#5,0,0,0.0
1542,xizhimenbei_aq#6,0,0,0.0
1543,xizhimenbei_aq#7,0,0,0.0
1544,xizhimenbei_aq#8,0,0,0.0
1545,xizhimenbei_aq#9,0,0,0.0
1546,xizhimenbei_aq#10,0,0,0.0
1547,xizhimenbei_aq#11,0,0,0.0
1548,xizhimenbei_aq#12,0,0,0.0
1549,xizhimenbei_aq#13,0,0,0.0
1550,xizhimenbei_aq#14,0,0,0.0
1551,xizhimenbei_aq#15,0,0,0.0
1552,xizhimenbei_aq#16,0,0,0.0
1553,xizhimenbei_aq#17,0,0,0.0
1554,xizhimenbei_aq#18,0,0,0.0
1555,xizhimenbei_aq#19,0,0,0.0
1556,xizhimenbei_aq#20,0,0,0.0
1557,xizhimenbei_aq#21,0,0,0.0
1558,xizhimenbei_aq#22,0,0,0.0
1559,xizhimenbei_aq#23,0,0,0.0
1560,xizhimenbei_aq#24,0,0,0.0
1561,xizhimenbei_aq#25,0,0,0.0
1562,xizhimenbei_aq#26,0,0,0.0
1563,xizhimenbei_aq#27,0,0,0.0
1564,xizhimenbei_aq#28,0,0,0.0
1565,xizhimenbei_aq#29,0,0,0.0
1566,xizhimenbei_aq#30,0,0,0.0
1567,xizhimenbei_aq#31,0,0,0.0
1568,xizhimenbei_aq#32,0,0,0.0
1569,xizhimenbei_aq#33,0,0,0.0
1570,xizhimenbei_aq#34,0,0,0.0
1571,xizhimenbei_aq#35,0,0,0.0
1572,xizhimenbei_aq#36,0,0,0.0
1573,xizhimenbei_aq#37,0,0,0.0
1574,xizhimenbei_aq#38,0,0,0.0
1575,xizhimenbei_aq#39,0,0,0.0
1576,xizhimenbei_aq#40,0,0,0.0
1577,xizhimenbei_aq#41,0,0,0.0
1578,xizhimenbei_aq#42,0,0,0.0
1579,xizhimenbei_aq#43,0,0,0.0
1580,xizhimenbei_aq#44,0,0,0.0
1581,xizhimenbei_aq#45,0,0,0.0
1582,xizhimenbei_aq#46,0,0,0.0
1583,xizhimenbei_aq#47,0,0,0.0
1584,nansanhuan_aq#0,0,0,0.0
1585,nansanhuan_aq#1,0,0,0.0
1586,nansanhuan_aq#2,0,0,0.0
1587,nansanhuan_aq#3,0,0,0.0
1588,nansanhuan_aq#4,0,0,0.0
1589,nansanhuan_aq#5,0,0,0.0
1590,nansanhuan_aq#6,0,0,0.0
1591,nansanhuan_aq#7,0,0,0.0
1592,nansanhuan_aq#8,0,0,0.0
1593,nansanhuan_aq#9,0,0,0.0
1594,nansanhuan_aq#10,0,0,0.0
1595,nansanhuan_aq#11,0,0,0.0
1596,nansanhuan_aq#12,0,0,0.0
1597,nansanhuan_aq#13,0,0,0.0
1598,nansanhuan_aq#14,0,0,0.0
1599,nansanhuan_aq#15,0,0,0.0
1600,nansanhuan_aq#16,0,0,0.0
1601,nansanhuan_aq#17,0,0,0.0
1602,nansanhuan_aq#18,0,0,0.0
1603,nansanhuan_aq#19,0,0,0.0
1604,nansanhuan_aq#20,0,0,0.0
1605,nansanhuan_aq#21,0,0,0.0
1606,nansanhuan_aq#22,0,0,0.0
1607,nansanhuan_aq#23,0,0,0.0
1608,nansanhuan_aq#24,0,0,0.0
1609,nansanhuan_aq#25,0,0,0.0
1610,nansanhuan_aq#26,0,0,0.0
1611,nansanhuan_aq#27,0,0,0.0
1612,nansanhuan_aq#28,0,0,0.0
1613,nansanhuan_aq#29,0,0,0.0
1614,nansanhuan_aq#30,0,0,0.0
1615,nansanhuan_aq#31,0,0,0.0
1616,nansanhuan_aq#32,0,0,0.0
1617,nansanhuan_aq#33,0,0,0.0
1618,nansanhuan_aq#34,0,0,0.0
1619,nansanhuan_aq#35,0,0,0.0
1620,nansanhuan_aq#36,0,0,0.0
1621,nansanhuan_aq#37,0,0,0.0
1622,nansanhuan_aq#38,0,0,0.0
1623,nansanhuan_aq#39,0,0,0.0
1624,nansanhuan_aq#40,0,0,0.0
1625,nansanhuan_aq#41,0,0,0.0
1626,nansanhuan_aq#42,0,0,0.0
1627,nansanhuan_aq#43,0,0,0.0
1628,nansanhuan_aq#44,0,0,0.0
1629,nansanhuan_aq#45,0,0,0.0
1630,nansanhuan_aq#46,0,0,0.0
1631,nansanhuan_aq#47,0,0,0.0
1632,dongsihuan_aq#0,0,0,0.0
1633,dongsihuan_aq#1,0,0,0.0
1634,dongsihuan_aq#2,0,0,0.0
1635,dongsihuan_aq#3,0,0,0.0
1636,dongsihuan_aq#4,0,0,0.0
1637,dongsihuan_aq#5,0,0,0.0
1638,dongsihuan_aq#6,0,0,0.0
1639,dongsihuan_aq#7,0,0,0.0
1640,dongsihuan_aq#8,0,0,0.0
1641,dongsihuan_aq#9,0,0,0.0
1642,dongsihuan_aq#10,0,0,0.0
1643,dongsihuan_aq#11,0,0,0.0
1644,dongsihuan_aq#12,0,0,0.0
1645,dongsihuan_aq#13,0,0,0.0
1646,dongsihuan_aq#14,0,0,0.0
1647,dongsihuan_aq#15,0,0,0.0
1648,dongsihuan_aq#16,0,0,0.0
1649,dongsihuan_aq#17,0,0,0.0
1650,dongsihuan_aq#18,0,0,0.0
1651,dongsihuan_aq#19,0,0,0.0
1652,dongsihuan_aq#20,0,0,0.0
1653,dongsihuan_aq#21,0,0,0.0
1654,dongsihuan_aq#22,0,0,0.0
1655,dongsihuan_aq#23,0,0,0.0
1656,dongsihuan_aq#24,0,0,0.0
1657,dongsihuan_aq#25,0,0,0.0
1658,dongsihuan_aq#26,0,0,0.0
1659,dongsihuan_aq#27,0,0,0.0
1660,dongsihuan_aq#28,0,0,0.0
1661,dongsihuan_aq#29,0,0,0.0
1662,dongsihuan_aq#30,0,0,0.0
1663,dongsihuan_aq#31,0,0,0.0
1664,dongsihuan_aq#32,0,0,0.0
1665,dongsihuan_aq#33,0,0,0.0
1666,dongsihuan_aq#34,0,0,0.0
1667,dongsihuan_aq#35,0,0,0.0
1668,dongsihuan_aq#36,0,0,0.0
1669,dongsihuan_aq#37,0,0,0.0
1670,dongsihuan_aq#38,0,0,0.0
1671,dongsihuan_aq#39,0,0,0.0
1672,dongsihuan_aq#40,0,0,0.0
1673,dongsihuan_aq#41,0,0,0.0
1674,dongsihuan_aq#42,0,0,0.0
1675,dongsihuan_aq#43,0,0,0.0
1676,dongsihuan_aq#44,0,0,0.0
1677,dongsihuan_aq#45,0,0,0.0
1678,dongsihuan_aq#46,0,0,0.0
1679,dongsihuan_aq#47,0,0,0.0
1680,CD1#0,11,17,0.0
1681,CD1#1,10,16,0.0
1682,CD1#2,11,17,0.0
1683,CD1#3,12,19,0.0
1684,CD1#4,13,22,0.0
1685,CD1#5,14,24,0.0
1686,CD1#6,15,27,0.0
1687,CD1#7,16,29,0.0
1688,CD1#8,17,31,0.0
1689,CD1#9,18,32,0.0
1690,CD1#10,18,32,0.0
1691,CD1#11,18,32,0.0
1692,CD1#12,18,31,0.0
1693,CD1#13,18,31,0.0
1694,CD1#14,18,30,0.0
1695,CD1#15,18,29,0.0
1696,CD1#16,18,28,0.0
1697,CD1#17,18,27,0.0
1698,CD1#18,18,27,0.0
1699,CD1#19,18,26,0.0
1700,CD1#20,19,26,0.0
1701,CD1#21,19,26,0.0
1702,CD1#22,19,26,0.0
1703,CD1#23,19,26,0.0
1704,CD1#24,20,26,0.0
1705,CD1#25,20,27,0.0
1706,CD1#26,20,28,0.0
1707,CD1#27,21,28,0.0
1708,CD1#28,21,29,0.0
1709,CD1#29,21,30,0.0
1710,CD1#30,21,30,0.0
1711,CD1#31,21,30,0.0
1712,CD1#32,21,31,0.0
1713,CD1#33,21,31,0.0
1714,CD1#34,21,30,0.0
1715,CD1#35,21,30,0.0
1716,CD1#36,21,30,0.0
1717,CD1#37,20,29,0.0
1718,CD1#38,20,29,0.0
1719,CD1#39,20,28,0.0
1720,CD1#40,20,28,0.0
1721,CD1#41,20,27,0.0
1722,CD1#42,19,27,0.0
1723,CD1#43,19,26,0.0
1724,CD1#44,19,26,0.0
1725,CD1#45,19,25,0.0
1726,CD1#46,18,25,0.0
1727,CD1#47,18,25,0.0
1728,BL0#0,9,19,0.0
1729,BL0#1,9,19,0.0
1730,BL0#2,10,19,0.0
1731,BL0#3,10,20,0.0
1732,BL0#4,11,22,0.0
1733,BL0#5,12,24,0.0
1734,BL0#6,13,26,0.0
1735,BL0#7,13,27,0.0
1736,BL0#8,14,29,0.0
1737,BL0#9,14,29,0.0
1738,BL0#10,15,30,0.0
1739,BL0#11,15,30,0.0
1740,BL0#12,15,29,0.0
1741,BL0#13,15,29,0.0
1742,BL0#14,15,28,0.0
1743,BL0#15,15,28,0.0
1744,BL0#16,16,27,0.0
1745,BL0#17,16,26,0.0
1746,BL0#18,16,26,0.0
1747,BL0#19,16,26,0.0
1748,BL0#20,16,25,0.0
1749,BL0#21,17,25,0.0
1750,BL0#22,17,25,0.0
1751,BL0#23,17,25,0.0
1752,BL0#24,17,26,0.0
1753,BL0#25,17,26,0.0
1754,BL0#26,18,27,0.0
1755,BL0#27,18,27,0.0
1756,BL0#28,18,27,0.0
1757,BL0#29,18,28,0.0
1758,BL0#30,18,28,0.0
1759,BL0#31,18,28,0.0
1760,BL0#32,18,28,0.0
1761,BL0#33,17,28,0.0
1762,BL0#34,17,28,0.0
1763,BL0#35,17,28,0.0
1764,BL0#36,17,27,0.0
1765,BL0#37,17,27,0.0
1766,BL0#38,17,27,0.0
1767,BL0#39,16,26,0.0
1768,BL0#40,16,26,0.0
1769,BL0#41,16,26,0.0
1770,BL0#42,16,25,0.0
1771,BL0#43,16,25,0.0
1772,BL0#44,16,25,0.0
1773,BL0#45,16,24,0.0
1774,BL0#46,16,24,0.0
1775,BL0#47,15,24,0.0
1776,GR4#0,10,21,0.0
1777,GR4#1,11,20,0.0
1778,GR4#2,11,19,0.0
1779,GR4#3,11,20,0.0
1780,GR4#4,11,20,0.0
1781,GR4#5,11,21,0.0
1782,GR4#6,11,22,0.0
1783,GR4#7,11,23,0.0
1784,GR4#8,11,24,0.0
1785,GR4#9,11,24,0.0
1786,GR4#10,11,25,0.0
1787,GR4#11,11,25,0.0
1788,GR4#12,11,25,0.0
1789,GR4#13,11,25,0.0
1790,GR4#14,12,25,0.0
1791,GR4#15,12,25,0.0
1792,GR4#16,13,25,0.0
1793,GR4#17,13,25,0.0
1794,GR4#18,14,25,0.0
1795,GR4#19,14,25,0.0
1796,GR4#20,15,26,0.0
1797,GR4#21,15,26,0.0
1798,GR4#22,15,26,0.0
1799,GR4#23,16,26,0.0
1800,GR4#24,16,26,0.0
1801,GR4#25,16,26,0.0
1802,GR4#26,16,26,0.0
1803,GR4#27,16,26,0.0
1804,GR4#28,15,26,0.0
1805,GR4#29,15,26,0.0
1806,GR4#30,15,26,0.0
1807,GR4#31,15,26,0.0
1808,GR4#32,14,26,0.0
1809,GR4#33,14,25,0.0
1810,GR4#34,14,25,0.0
1811,GR4#35,13,25,0.0
1812,GR4#36,13,25,0.0
1813,GR4#37,13,25,0.0
1814,GR4#38,13,25,0.0
1815,GR4#39,13,25,0.0
1816,GR4#40,13,25,0.0
1817,GR4#41,13,24,0.0
1818,GR4#42,13,24,0.0
1819,GR4#43,13,24,0.0
1820,GR4#44,13,24,0.0
1821,GR4#45,13,24,0.0
1822,GR4#46,13,23,0.0
1823,GR4#47,12,23,0.0
1824,MY7#0,9,20,0.0
1825,MY7#1,9,19,0.0
1826,MY7#2,9,19,0.0
1827,MY7#3,8,19,0.0
1828,MY7#4,9,20,0.0
1829,MY7#5,9,21,0.0
1830,MY7#6,10,22,0.0
1831,MY7#7,11,23,0.0
1832,MY7#8,12,24,0.0
1833,MY7#9,13,25,0.0
1834,MY7#10,14,25,0.0
1835,MY7#11,14,26,0.0
1836,MY7#12,14,26,0.0
1837,MY7#13,15,26,0.0
1838,MY7#14,15,26,0.0
1839,MY7#15,15,26,0.0
1840,MY7#16,16,26,0.0
1841,MY7#17,16,26,0.0
1842,MY7#18,16,26,0.0
1843,MY7#19,16,26,0.0
1844,MY7#20,17,26,0.0
1845,MY7#21,17,26,0.0
1846,MY7#22,17,26,0.0
1847,MY7#23,17,27,0.0
1848,MY7#24,17,27,0.0
1849,MY7#25,18,28,0.0
1850,MY7#26,18,28,0.0
1851,MY7#27,18,29,0.0
1852,MY7#28,18,29,0.0
1853,MY7#29,19,29,0.0
1854,MY7#30,19,30,0.0
1855,MY7#31,19,30,0.0
1856,MY7#32,19,30,0.0
1857,MY7#33,19,30,0.0
1858,MY7#34,18,30,0.0
1859,MY7#35,18,30,0.0
1860,MY7#36,18,29,0.0
1861,MY7#37,18,29,0.0
1862,MY7#38,18,29,0.0
1863,MY7#39,18,29,0.0
1864,MY7#40,18,29,0.0
1865,MY7#41,18,28,0.0
1866,MY7#42,18,28,0.0
1867,MY7#43,17,28,0.0
1868,MY7#44,17,28,0.0
1869,MY7#45,17,27,0.0
1870,MY7#46,17,27,0.0
1871,MY7#47,17,27,0.0
1872,HV1#0,11,20,0.0
1873,HV1#1,10,19,0.0
1874,HV1#2,10,19,0.0
1875,HV1#3,10,19,0.0
1876,HV1#4,10,20,0.0
1877,HV1#5,10,20,0.0
1878,HV1#6,10,21,0.0
1879,HV1#7,11,21,0.0
1880,HV1#8,11,22,0.0
1881,HV1#9,11,22,0.0
1882,HV1#10,11,22,0.0
1883,HV1#11,11,22,0.0
1884,HV1#12,11,21,0.0
1885,HV1#13,12,21,0.0
1886,HV1#14,12,21,0.0
1887,HV1#15,12,21,0.0
1888,HV1#16,13,21,0.0
1889,HV1#17,13,21,0.0
1890,HV1#18,14,21,0.0
1891,HV1#19,15,21,0.0
1892,HV1#20,15,22,0.0
1893,HV1#21,15,22,0.0
1894,HV1#22,16,22,0.0
1895,HV1#23,16,22,0.0
1896,HV1#24,16,22,0.0
1897,HV1#25,17,23,0.0
1898,HV1#26,17,23,0.0
1899,HV1#27,17,23,0.0
1900,HV1#28,16,24,0.0
1901,HV1#29,16,24,0.0
1902,HV1#30,16,24,0.0
1903,HV1#31,16,24,0.0
1904,HV1#32,15,24,0.0
1905,HV1#33,15,23,0.0
1906,HV1#34,14,23,0.0
1907,HV1#35,14,23,0.0
1908,HV1#36,14,23,0.0
1909,HV1#37,14,22,0.0
1910,HV1#38,14,22,0.0
1911,HV1#39,14,22,0.0
1912,HV1#40,14,22,0.0
1913,HV1#41,14,21,0.0
1914,HV1#42,14,21,0.0
1915,HV1#43,14,21,0.0
1916,HV1#44,14,20,0.0
1917,HV1#45,14,20,0.0
1918,HV1#46,14,20,0.0
1919,HV1#47,13,20,0.0
1920,GN3#0,11,23,0.0
1921,GN3#1,11,23,0.0
1922,GN3#2,11,24,0.0
1923,GN3#3,11,26,0.0
1924,GN3#4,11,27,0.0
1925,GN3#5,11,27,0.0
1926,GN3#6,11,28,0.0
1927,GN3#7,11,28,0.0
1928,GN3#8,11,28,0.0
1929,GN3#9,11,28,0.0
1930,GN3#10,11,28,0.0
1931,GN3#11,11,28,0.0
1932,GN3#12,11,28,0.0
1933,GN3#13,11,27,0.0
1934,GN3#14,12,27,0.0
1935,GN3#15,13,27,0.0
1936,GN3#16,13,27,0.0
1937,GN3#17,14,28,0.0
1938,GN3#18,14,28,0.0
1939,GN3#19,15,28,0.0
1940,GN3#20,15,28,0.0
1941,GN3#21,16,28,0.0
1942,GN3#22,16,28,0.0
1943,GN3#23,16,28,0.0
1944,GN3#24,16,29,0.0
1945,GN3#25,16,29,0.0
1946,GN3#26,16,29,0.0
1947,GN3#27,16,29,0.0
1948,GN3#28,16,29,0.0
1949,GN3#29,16,29,0.0
1950,GN3#30,16,29,0.0
1951,GN3#31,16,29,0.0
1952,GN3#32,15,29,0.0
1953,GN3#33,15,28,0.0
1954,GN3#34,15,28,0.0
1955,GN3#35,15,28,0.0
1956,GN3#36,15,28,0.0
1957,GN3#37,15,27,0.0
1958,GN3#38,14,27,0.0
1959,GN3#39,14,27,0.0
1960,GN3#40,14,27,0.0
1961,GN3#41,14,27,0.0
1962,GN3#42,14,27,0.0
1963,GN3#43,14,26,0.0
1964,GN3#44,14,26,0.0
1965,GN3#45,14,26,0.0
1966,GN3#46,14,25,0.0
1967,GN3#47,14,25,0.0
1968,GR9#0,11,28,0.0
1969,GR9#1,12,27,0.0
1970,GR9#2,12,27,0.0
1971,GR9#3,12,27,0.0
1972,GR9#4,12,27,0.0
1973,GR9#5,12,28,0.0
1974,GR9#6,12,29,0.0
1975,GR9#7,12,30,0.0
1976,GR9#8,12,30,0.0
1977,GR9#9,13,31,0.0
1978,GR9#10,13,31,0.0
1979,GR9#11,13,31,0.0
1980,GR9#12,13,31,0.0
1981,GR9#13,13,30,0.0
1982,GR9#14,13,30,0.0
1983,GR9#15,13,30,0.0
1984,GR9#16,13,30,0.0
1985,GR9#17,14,30,0.0
1986,GR9#18,14,31,0.0
1987,GR9#19,15,31,0.0
1988,GR9#20,15,31,0.0
1989,GR9#21,15,31,0.0
1990,GR9#22,16,31,0.0
1991,GR9#23,16,31,0.0
1992,GR9#24,16,31,0.0
1993,GR9#25,16,32,0.0
1994,GR9#26,16,32,0.0
1995,GR9#27,16,32,0.0
1996,GR9#28,16,32,0.0
1997,GR9#29,16,32,0.0
1998,GR9#30,16,32,0.0
1999,GR9#31,15,32,0.0
2000,GR9#32,15,32,0.0
2001,GR9#33,15,31,0.0
2002,GR9#34,14,31,0.0
2003,GR9#35,14,31,0.0
2004,GR9#36,14,30,0.0
2005,GR9#37,14,30,0.0
2006,GR9#38,14,30,0.0
2007,GR9#39,14,30,0.0
2008,GR9#40,14,30,0.0
2009,GR9#41,14,29,0.0
2010,GR9#42,14,29,0.0
2011,GR9#43,13,29,0.0
2012,GR9#44,13,29,0.0
2013,GR9#45,13,28,0.0
2014,GR9#46,13,28,0.0
2015,GR9#47,13,28,0.0
2016,LW2#0,12,23,0.0
2017,LW2#1,12,20,0.0
2018,LW2#2,12,19,0.0
2019,LW2#3,11,20,0.0
2020,LW2#4,11,21,0.0
2021,LW2#5,12,22,0.0
2022,LW2#6,12,24,0.0
2023,LW2#7,13,25,0.0
2024,LW2#8,13,27,0.0
2025,LW2#9,14,28,0.0
2026,LW2#10,14,28,0.0
2027,LW2#11,15,29,0.0
2028,LW2#12,16,29,0.0
2029,LW2#13,16,29,0.0
2030,LW2#14,17,29,0.0
2031,LW2#15,17,29,0.0
2032,LW2#16,18,30,0.0
2033,LW2#17,19,30,0.0
2034,LW2#18,19,30,0.0
2035,LW2#19,19,30,0.0
2036,LW2#20,20,30,0.0
2037,LW2#21,20,29,0.0
2038,LW2#22,20,29,0.0
2039,LW2#23,20,29,0.0
2040,LW2#24,20,29,0.0
2041,LW2#25,20,29,0.0
2042,LW2#26,20,29,0.0
2043,LW2#27,20,29,0.0
2044,LW2#28,20,29,0.0
2045,LW2#29,20,30,0.0
2046,LW2#30,20,30,0.0
2047,LW2#31,20,30,0.0
2048,LW2#32,20,30,0.0
2049,LW2#33,20,30,0.0
2050,LW2#34,20,30,0.0
2051,LW2#35,20,30,0.0
2052,LW2#36,20,30,0.0
2053,LW2#37,20,30,0.0
2054,LW2#38,20,30,0.0
2055,LW2#39,20,30,0.0
2056,LW2#40,20,30,0.0
2057,LW2#41,20,30,0.0
2058,LW2#42,20,29,0.0
2059,LW2#43,20,29,0.0
2060,LW2#44,20,28,0.0
2061,LW2#45,19,28,0.0
2062,LW2#46,19,27,0.0
2063,LW2#47,18,27,0.0
2064,GN0#0,13,22,0.0
2065,GN0#1,13,21,0.0
2066,GN0#2,13,22,0.0
2067,GN0#3,12,23,0.0
2068,GN0#4,12,25,0.0
2069,GN0#5,12,26,0.0
2070,GN0#6,12,28,0.0
2071,GN0#7,12,29,0.0
2072,GN0#8,12,29,0.0
2073,GN0#9,12,30,0.0
2074,GN0#10,12,30,0.0
2075,GN0#11,12,29,0.0
2076,GN0#12,12,29,0.0
2077,GN0#13,12,28,0.0
2078,GN0#14,12,28,0.0
2079,GN0#15,13,27,0.0
2080,GN0#16,13,27,0.0
2081,GN0#17,14,27,0.0
2082,GN0#18,14,26,0.0
2083,GN0#19,15,26,0.0
2084,GN0#20,16,26,0.0
2085,GN0#21,16,26,0.0
2086,GN0#22,16,26,0.0
2087,GN0#23,17,27,0.0
2088,GN0#24,17,27,0.0
2089,GN0#25,17,27,0.0
2090,GN0#26,17,27,0.0
2091,GN0#27,17,28,0.0
2092,GN0#28,17,28,0.0
2093,GN0#29,17,28,0.0
2094,GN0#30,17,28,0.0
2095,GN0#31,17,28,0.0
2096,GN0#32,16,27,0.0
2097,GN0#33,16,27,0.0
2098,GN0#34,16,27,0.0
2099,GN0#35,15,26,0.0
2100,GN0#36,15,26,0.0
2101,GN0#37,15,26,0.0
2102,GN0#38,15,25,0.0
2103,GN0#39,15,25,0.0
2104,GN0#40,15,25,0.0
2105,GN0#41,15,24,0.0
2106,GN0#42,15,24,0.0
2107,GN0#43,15,24,0.0
2108,GN0#44,15,23,0.0
2109,GN0#45,15,23,0.0
2110,GN0#46,14,23,0.0
2111,GN0#47,14,22,0.0
2112,KF1#0,12,18,0.0
2113,KF1#1,12,17,0.0
2114,KF1#2,11,18,0.0
2115,KF1#3,11,19,0.0
2116,KF1#4,11,21,0.0
2117,KF1#5,12,23,0.0
2118,KF1#6,12,26,0.0
2119,KF1#7,13,28,0.0
2120,KF1#8,13,30,0.0
2121,KF1#9,13,31,0.0
2122,KF1#10,13,31,0.0
2123,KF1#11,13,31,0.0
2124,KF1#12,13,31,0.0
2125,KF1#13,13,30,0.0
2126,KF1#14,13,29,0.0
2127,KF1#15,13,28,0.0
2128,KF1#16,14,27,0.0
2129,KF1#17,14,26,0.0
2130,KF1#18,14,26,0.0
2131,KF1#19,14,25,0.0
2132,KF1#20,15,24,0.0
2133,KF1#21,15,24,0.0
2134,KF1#22,15,24,0.0
2135,KF1#23,16,24,0.0
2136,KF1#24,16,24,0.0
2137,KF1#25,16,24,0.0
2138,KF1#26,16,25,0.0
2139,KF1#27,16,25,0.0
2140,KF1#28,16,26,0.0
2141,KF1#29,16,26,0.0
2142,KF1#30,16,27,0.0
2143,KF1#31,15,27,0.0
2144,KF1#32,15,27,0.0
2145,KF1#33,15,27,0.0
2146,KF1#34,14,27,0.0
2147,KF1#35,14,26,0.0
2148,KF1#36,14,26,0.0
2149,KF1#37,14,26,0.0
2150,KF1#38,13,25,0.0
2151,KF1#39,13,24,0.0
2152,KF1#40,13,24,0.0
2153,KF1#41,13,23,0.0
2154,KF1#42,13,23,0.0
2155,KF1#43,13,22,0.0
2156,KF1#44,13,22,0.0
2157,KF1#45,13,21,0.0
2158,KF1#46,13,21,0.0
2159,KF1#47,12,21,0.0
2160,CD9#0,11,19,0.0
2161,CD9#1,10,17,0.0
2162,CD9#2,10,17,0.0
2163,CD9#3,10,18,0.0
2164,CD9#4,11,19,0.0
2165,CD9#5,13,21,0.0
2166,CD9#6,14,23,0.0
2167,CD9#7,15,24,0.0
2168,CD9#8,16,26,0.0
2169,CD9#9,16,27,0.0
2170,CD9#10,16,27,0.0
2171,CD9#11,16,28,0.0
2172,CD9#12,16,28,0.0
2173,CD9#13,16,27,0.0
2174,CD9#14,16,27,0.0
2175,CD9#15,16,26,0.0
2176,CD9#16,16,26,0.0
2177,CD9#17,16,25,0.0
2178,CD9#18,16,24,0.0
2179,CD9#19,16,24,0.0
2180,CD9#20,16,23,0.0
2181,CD9#21,16,23,0.0
2182,CD9#22,16,23,0.0
2183,CD9#23,16,23,0.0
2184,CD9#24,16,23,0.0
2185,CD9#25,16,23,0.0
2186,CD9#26,16,24,0.0
2187,CD9#27,17,24,0.0
2188,CD9#28,17,25,0.0
2189,CD9#29,17,25,0.0
2190,CD9#30,17,26,0.0
2191,CD9#31,17,26,0.0
2192,CD9#32,17,26,0.0
2193,CD9#33,17,26,0.0
2194,CD9#34,17,26,0.0
2195,CD9#35,17,26,0.0
2196,CD9#36,17,26,0.0
2197,CD9#37,17,25,0.0
2198,CD9#38,16,25,0.0
2199,CD9#39,16,25,0.0
2200,CD9#40,16,24,0.0
2201,CD9#41,16,24,0.0
2202,CD9#42,16,24,0.0
2203,CD9#43,15,23,0.0
2204,CD9#44,15,23,0.0
2205,CD9#45,15,23,0.0
2206,CD9#46,15,22,0.0
2207,CD9#47,14,22,0.0
2208,ST5#0,15,30,0.0
2209,ST5#1,16,32,0.0
2210,ST5#2,16,33,0.0
2211,ST5#3,16,35,0.0
2212,ST5#4,15,36,0.0
2213,ST5#5,15,37,0.0
2214,ST5#6,15,38,0.0
2215,ST5#7,15,40,0.0
2216,ST5#8,15,41,0.0
2217,ST5#9,15,41,0.0
2218,ST5#10,15,42,0.0
2219,ST5#11,16,42,0.0
2220,ST5#12,16,41,0.0
2221,ST5#13,16,41,0.0
2222,ST5#14,17,40,0.0
2223,ST5#15,17,39,0.0
2224,ST5#16,18,38,0.0
2225,ST5#17,19,38,0.0
2226,ST5#18,19,37,0.0
2227,ST5#19,20,37,0.0
2228,ST5#20,20,36,0.0
2229,ST5#21,20,36,0.0
2230,ST5#22,21,36,0.0
2231,ST5#23,21,36,0.0
2232,ST5#24,21,37,0.0
2233,ST5#25,21,37,0.0
2234,ST5#26,21,38,0.0
2235,ST5#27,20,39,0.0
2236,ST5#28,20,39,0.0
2237,ST5#29,20,40,0.0
2238,ST5#30,20,40,0.0
2239,ST5#31,19,40,0.0
2240,ST5#32,19,40,0.0
2241,ST5#33,19,40,0.0
2242,ST5#34,19,40,0.0
2243,ST5#35,18,40,0.0
2244,ST5#36,18,39,0.0
2245,ST5#37,18,38,0.0
2246,ST5#38,18,38,0.0
2247,ST5#39,18,37,0.0
2248,ST5#40,18,36,0.0
2249,ST5#41,18,36,0.0
2250,ST5#42,18,35,0.0
2251,ST5#43,18,34,0.0
2252,ST5#44,18,34,0.0
2253,ST5#45,18,33,0.0
2254,ST5#46,18,33,0.0
2255,ST5#47,17,33,0.0
2256,TH4#0,14,28,0.0
2257,TH4#1,14,27,0.0
2258,TH4#2,14,29,0.0
2259,TH4#3,14,30,0.0
2260,TH4#4,14,32,0.0
2261,TH4#5,14,33,0.0
2262,TH4#6,14,35,0.0
2263,TH4#7,15,36,0.0
2264,TH4#8,15,37,0.0
2265,TH4#9,15,37,0.0
2266,TH4#10,15,36,0.0
2267,TH4#11,15,36,0.0
2268,TH4#12,15,35,0.0
2269,TH4#13,15,34,0.0
2270,TH4#14,15,33,0.0
2271,TH4#15,15,33,0.0
2272,TH4#16,15,32,0.0
2273,TH4#17,15,32,0.0
2274,TH4#18,16,32,0.0
2275,TH4#19,16,32,0.0
2276,TH4#20,16,32,0.0
2277,TH4#21,17,32,0.0
2278,TH4#22,17,33,0.0
2279,TH4#23,17,33,0.0
2280,TH4#24,18,34,0.0
2281,TH4#25,18,35,0.0
2282,TH4#26,18,36,0.0
2283,TH4#27,19,37,0.0
2284,TH4#28,19,37,0.0
2285,TH4#29,19,38,0.0
2286,TH4#30,19,38,0.0
2287,TH4#31,19,39,0.0
2288,TH4#32,19,39,0.0
2289,TH4#33,19,39,0.0
2290,TH4#34,18,38,0.0
2291,TH4#35,18,38,0.0
2292,TH4#36,18,37,0.0
2293,TH4#37,18,37,0.0
2294,TH4#38,17,36,0.0
2295,TH4#39,17,35,0.0
2296,TH4#40,17,35,0.0
2297,TH4#41,17,34,0.0
2298,TH4#42,16,33,0.0
2299,TH4#43,16,33,0.0
2300,TH4#44,16,32,0.0
2301,TH4#45,16,32,0.0
2302,TH4#46,16,32,0.0
2303,TH4#47,15,31,0.0
